INFO 2026-07-23 17:58:06,557 apps 256737 132374246609408 Using Gemini API Key for Analysis
INFO 2026-07-23 17:58:06,557 apps 256737 132374246609408 Using Google OAuth Credentials for Gmail Access
INFO 2026-07-23 17:58:18,316 apps 256815 137906162856448 Using Gemini API Key for Analysis
INFO 2026-07-23 17:58:18,316 apps 256815 137906162856448 Using Google OAuth Credentials for Gmail Access
INFO 2026-07-26 08:12:53,148 apps 111014 137263005450752 Using Gemini API Key for Analysis
INFO 2026-07-26 08:12:53,148 apps 111014 137263005450752 Using Google OAuth Credentials for Gmail Access
INFO 2026-07-26 08:12:53,153 autoreload 111014 137263005450752 Watching for file changes with StatReloader
INFO 2026-07-26 08:15:39,258 predictor 111014 137262046463680 Local ML Engine artifacts loaded from /home/lonewolf/Email_Phisher/Email_Phisher/SecureMail/ml/models
INFO 2026-07-26 08:15:39,271 email_pipeline 111014 137262046463680 EmailPipeline initialized successfully.
ERROR 2026-07-26 08:15:39,323 log 111014 137262046463680 Internal Server Error: /email/14004/
Traceback (most recent call last):
  File "/home/lonewolf/Email_Phisher/email/lib/python3.14/site-packages/django/core/handlers/exception.py", line 55, in inner
    response = get_response(request)
  File "/home/lonewolf/Email_Phisher/email/lib/python3.14/site-packages/django/core/handlers/base.py", line 198, in _get_response
    response = wrapped_callback(request, *callback_args, **callback_kwargs)
  File "/home/lonewolf/Email_Phisher/email/lib/python3.14/site-packages/django/contrib/auth/decorators.py", line 59, in _view_wrapper
    return view_func(request, *args, **kwargs)
  File "/home/lonewolf/Email_Phisher/Email_Phisher/SecureMail/views.py", line 267, in email_view
    return render(request, 'email-view.html', {'email': email, 'forensic': forensic})
  File "/home/lonewolf/Email_Phisher/email/lib/python3.14/site-packages/django/shortcuts.py", line 25, in render
    content = loader.render_to_string(template_name, context, request, using=using)
  File "/home/lonewolf/Email_Phisher/email/lib/python3.14/site-packages/django/template/loader.py", line 61, in render_to_string
    template = get_template(template_name, using=using)
  File "/home/lonewolf/Email_Phisher/email/lib/python3.14/site-packages/django/template/loader.py", line 15, in get_template
    return engine.get_template(template_name)
           ~~~~~~~~~~~~~~~~~~~^^^^^^^^^^^^^^^
  File "/home/lonewolf/Email_Phisher/email/lib/python3.14/site-packages/django/template/backends/django.py", line 79, in get_template
    return Template(self.engine.get_template(template_name), self)
                    ~~~~~~~~~~~~~~~~~~~~~~~~^^^^^^^^^^^^^^^
  File "/home/lonewolf/Email_Phisher/email/lib/python3.14/site-packages/django/template/engine.py", line 186, in get_template
    template, origin = self.find_template(template_name)
                       ~~~~~~~~~~~~~~~~~~^^^^^^^^^^^^^^^
  File "/home/lonewolf/Email_Phisher/email/lib/python3.14/site-packages/django/template/engine.py", line 159, in find_template
    template = loader.get_template(name, skip=skip)
  File "/home/lonewolf/Email_Phisher/email/lib/python3.14/site-packages/django/template/loaders/cached.py", line 57, in get_template
    template = super().get_template(template_name, skip)
  File "/home/lonewolf/Email_Phisher/email/lib/python3.14/site-packages/django/template/loaders/base.py", line 28, in get_template
    return Template(
        contents,
    ...<2 lines>...
        self.engine,
    )
  File "/home/lonewolf/Email_Phisher/email/lib/python3.14/site-packages/django/template/base.py", line 157, in __init__
    self.nodelist = self.compile_nodelist()
                    ~~~~~~~~~~~~~~~~~~~~~^^
  File "/home/lonewolf/Email_Phisher/email/lib/python3.14/site-packages/django/template/base.py", line 199, in compile_nodelist
    nodelist = parser.parse()
  File "/home/lonewolf/Email_Phisher/email/lib/python3.14/site-packages/django/template/base.py", line 585, in parse
    raise self.error(token, e)
  File "/home/lonewolf/Email_Phisher/email/lib/python3.14/site-packages/django/template/base.py", line 583, in parse
    compiled_result = compile_func(self, token)
  File "/home/lonewolf/Email_Phisher/email/lib/python3.14/site-packages/django/template/loader_tags.py", line 307, in do_extends
    nodelist = parser.parse()
  File "/home/lonewolf/Email_Phisher/email/lib/python3.14/site-packages/django/template/base.py", line 585, in parse
    raise self.error(token, e)
  File "/home/lonewolf/Email_Phisher/email/lib/python3.14/site-packages/django/template/base.py", line 583, in parse
    compiled_result = compile_func(self, token)
  File "/home/lonewolf/Email_Phisher/email/lib/python3.14/site-packages/django/template/loader_tags.py", line 235, in do_block
    nodelist = parser.parse(("endblock",))
  File "/home/lonewolf/Email_Phisher/email/lib/python3.14/site-packages/django/template/base.py", line 590, in parse
    self.unclosed_block_tag(parse_until)
    ~~~~~~~~~~~~~~~~~~~~~~~^^^^^^^^^^^^^
  File "/home/lonewolf/Email_Phisher/email/lib/python3.14/site-packages/django/template/base.py", line 657, in unclosed_block_tag
    raise self.error(token, msg)
django.template.exceptions.TemplateSyntaxError: Template: /home/lonewolf/Email_Phisher/Email_Phisher/SecureMail/templates/email-view.html, Unclosed tag on line 400: 'block'. Looking for one of: endblock.
ERROR 2026-07-26 08:15:39,326 log 111014 137262046463680 "GET /email/14004/ HTTP/1.1" 500 235096
INFO 2026-07-26 08:15:39,387 log 111014 137262046463680 "GET /favicon.ico HTTP/1.1" 301 0
INFO 2026-07-26 08:15:39,392 log 111014 137262046463680 "GET /static/SecureMail/assets/icons/favicon.ico HTTP/1.1" 200 4286
INFO 2026-07-26 08:15:56,153 predictor 111014 137262046463680 Local ML Engine artifacts loaded from /home/lonewolf/Email_Phisher/Email_Phisher/SecureMail/ml/models
INFO 2026-07-26 08:15:56,167 email_pipeline 111014 137262046463680 EmailPipeline initialized successfully.
INFO 2026-07-26 08:15:56,167 sync_manager 111014 137262046463680 SyncManager initialized with EmailPipeline for singhisking210222
INFO 2026-07-26 08:15:56,180 log 111014 137262046463680 "GET /sync/ HTTP/1.1" 302 0
INFO 2026-07-26 08:15:56,229 log 111014 137262046463680 "GET /inbox/ HTTP/1.1" 200 257637
INFO 2026-07-26 08:15:56,279 log 111014 137262046463680 "GET /inbox/ HTTP/1.1" 200 257178
INFO 2026-07-26 08:15:56,300 log 111014 137262046463680 "GET /static/SecureMail/css/global.css HTTP/1.1" 200 10259
INFO 2026-07-26 08:15:57,560 log 111014 137262046463680 "GET /sync/?auto=1 HTTP/1.1" 200 29
WARNING 2026-07-26 08:15:58,066 gmail_service 111014 137260259317440 Gmail API error 429. Retrying in 1.0s...
WARNING 2026-07-26 08:15:59,500 gmail_service 111014 137260259317440 Gmail API error 429. Retrying in 2.1s...
INFO 2026-07-26 08:15:59,731 predictor 111014 137262046463680 Local ML Engine artifacts loaded from /home/lonewolf/Email_Phisher/Email_Phisher/SecureMail/ml/models
INFO 2026-07-26 08:15:59,740 email_pipeline 111014 137262046463680 EmailPipeline initialized successfully.
ERROR 2026-07-26 08:15:59,765 log 111014 137262046463680 Internal Server Error: /email/14004/
Traceback (most recent call last):
  File "/home/lonewolf/Email_Phisher/email/lib/python3.14/site-packages/django/core/handlers/exception.py", line 55, in inner
    response = get_response(request)
  File "/home/lonewolf/Email_Phisher/email/lib/python3.14/site-packages/django/core/handlers/base.py", line 198, in _get_response
    response = wrapped_callback(request, *callback_args, **callback_kwargs)
  File "/home/lonewolf/Email_Phisher/email/lib/python3.14/site-packages/django/contrib/auth/decorators.py", line 59, in _view_wrapper
    return view_func(request, *args, **kwargs)
  File "/home/lonewolf/Email_Phisher/Email_Phisher/SecureMail/views.py", line 267, in email_view
    return render(request, 'email-view.html', {'email': email, 'forensic': forensic})
  File "/home/lonewolf/Email_Phisher/email/lib/python3.14/site-packages/django/shortcuts.py", line 25, in render
    content = loader.render_to_string(template_name, context, request, using=using)
  File "/home/lonewolf/Email_Phisher/email/lib/python3.14/site-packages/django/template/loader.py", line 61, in render_to_string
    template = get_template(template_name, using=using)
  File "/home/lonewolf/Email_Phisher/email/lib/python3.14/site-packages/django/template/loader.py", line 15, in get_template
    return engine.get_template(template_name)
           ~~~~~~~~~~~~~~~~~~~^^^^^^^^^^^^^^^
  File "/home/lonewolf/Email_Phisher/email/lib/python3.14/site-packages/django/template/backends/django.py", line 79, in get_template
    return Template(self.engine.get_template(template_name), self)
                    ~~~~~~~~~~~~~~~~~~~~~~~~^^^^^^^^^^^^^^^
  File "/home/lonewolf/Email_Phisher/email/lib/python3.14/site-packages/django/template/engine.py", line 186, in get_template
    template, origin = self.find_template(template_name)
                       ~~~~~~~~~~~~~~~~~~^^^^^^^^^^^^^^^
  File "/home/lonewolf/Email_Phisher/email/lib/python3.14/site-packages/django/template/engine.py", line 159, in find_template
    template = loader.get_template(name, skip=skip)
  File "/home/lonewolf/Email_Phisher/email/lib/python3.14/site-packages/django/template/loaders/cached.py", line 57, in get_template
    template = super().get_template(template_name, skip)
  File "/home/lonewolf/Email_Phisher/email/lib/python3.14/site-packages/django/template/loaders/base.py", line 28, in get_template
    return Template(
        contents,
    ...<2 lines>...
        self.engine,
    )
  File "/home/lonewolf/Email_Phisher/email/lib/python3.14/site-packages/django/template/base.py", line 157, in __init__
    self.nodelist = self.compile_nodelist()
                    ~~~~~~~~~~~~~~~~~~~~~^^
  File "/home/lonewolf/Email_Phisher/email/lib/python3.14/site-packages/django/template/base.py", line 199, in compile_nodelist
    nodelist = parser.parse()
  File "/home/lonewolf/Email_Phisher/email/lib/python3.14/site-packages/django/template/base.py", line 585, in parse
    raise self.error(token, e)
  File "/home/lonewolf/Email_Phisher/email/lib/python3.14/site-packages/django/template/base.py", line 583, in parse
    compiled_result = compile_func(self, token)
  File "/home/lonewolf/Email_Phisher/email/lib/python3.14/site-packages/django/template/loader_tags.py", line 307, in do_extends
    nodelist = parser.parse()
  File "/home/lonewolf/Email_Phisher/email/lib/python3.14/site-packages/django/template/base.py", line 585, in parse
    raise self.error(token, e)
  File "/home/lonewolf/Email_Phisher/email/lib/python3.14/site-packages/django/template/base.py", line 583, in parse
    compiled_result = compile_func(self, token)
  File "/home/lonewolf/Email_Phisher/email/lib/python3.14/site-packages/django/template/loader_tags.py", line 235, in do_block
    nodelist = parser.parse(("endblock",))
  File "/home/lonewolf/Email_Phisher/email/lib/python3.14/site-packages/django/template/base.py", line 590, in parse
    self.unclosed_block_tag(parse_until)
    ~~~~~~~~~~~~~~~~~~~~~~~^^^^^^^^^^^^^
  File "/home/lonewolf/Email_Phisher/email/lib/python3.14/site-packages/django/template/base.py", line 657, in unclosed_block_tag
    raise self.error(token, msg)
django.template.exceptions.TemplateSyntaxError: Template: /home/lonewolf/Email_Phisher/Email_Phisher/SecureMail/templates/email-view.html, Unclosed tag on line 400: 'block'. Looking for one of: endblock.
ERROR 2026-07-26 08:15:59,767 log 111014 137262046463680 "GET /email/14004/ HTTP/1.1" 500 234831
WARNING 2026-07-26 08:16:01,957 gmail_service 111014 137260259317440 Gmail API error 429. Retrying in 4.2s...
WARNING 2026-07-26 08:16:06,667 gmail_service 111014 137260259317440 Gmail API error 429. Retrying in 8.3s...
WARNING 2026-07-26 08:16:15,576 gmail_service 111014 137260259317440 Gmail API error 429. Retrying in 16.4s...
ERROR 2026-07-26 08:16:32,443 gmail_service 111014 137260259317440 Failed to fetch Gmail message list: <HttpError 429 when requesting https://gmail.googleapis.com/gmail/v1/users/me/messages?maxResults=500&alt=json returned "User-rate limit exceeded.  Retry after 2026-07-26T08:31:32.254Z". Details: "[{'message': 'User-rate limit exceeded.  Retry after 2026-07-26T08:31:32.254Z', 'domain': 'global', 'reason': 'rateLimitExceeded'}]">
INFO 2026-07-26 08:16:32,496 predictor 111014 137260259317440 Local ML Engine artifacts loaded from /home/lonewolf/Email_Phisher/Email_Phisher/SecureMail/ml/models
INFO 2026-07-26 08:16:32,505 email_pipeline 111014 137260259317440 EmailPipeline initialized successfully.
INFO 2026-07-26 08:18:47,129 predictor 111014 137262046463680 Local ML Engine artifacts loaded from /home/lonewolf/Email_Phisher/Email_Phisher/SecureMail/ml/models
INFO 2026-07-26 08:18:47,138 email_pipeline 111014 137262046463680 EmailPipeline initialized successfully.
INFO 2026-07-26 08:18:47,160 log 111014 137262046463680 "GET /email/14004/ HTTP/1.1" 200 257564
INFO 2026-07-26 08:18:47,182 log 111014 137262046463680 "GET /static/SecureMail/css/global.css HTTP/1.1" 200 10259
INFO 2026-07-26 08:18:47,182 log 111014 137260158670528 "GET /static/SecureMail/js/app.js HTTP/1.1" 200 2695
INFO 2026-07-26 08:18:47,183 log 111014 137260175455936 "GET /static/SecureMail/css/responsive.css HTTP/1.1" 200 454
INFO 2026-07-26 08:18:49,638 log 111014 137262046463680 "GET /static/SecureMail/assets/icons/favicon.ico HTTP/1.1" 200 4286
INFO 2026-07-26 08:18:50,667 predictor 111014 137262046463680 Local ML Engine artifacts loaded from /home/lonewolf/Email_Phisher/Email_Phisher/SecureMail/ml/models
INFO 2026-07-26 08:18:50,676 email_pipeline 111014 137262046463680 EmailPipeline initialized successfully.
INFO 2026-07-26 08:18:50,676 sync_manager 111014 137262046463680 SyncManager initialized with EmailPipeline for singhisking210222
INFO 2026-07-26 08:18:50,688 log 111014 137262046463680 "GET /sync/?auto=1 HTTP/1.1" 200 21
WARNING 2026-07-26 08:18:51,853 gmail_service 111014 137260007667392 Gmail API error 429. Retrying in 1.0s...
INFO 2026-07-26 08:18:51,909 log 111014 137262046463680 "GET /compose/ HTTP/1.1" 200 47141
INFO 2026-07-26 08:18:53,063 log 111014 137262046463680 "GET /sync/?auto=1 HTTP/1.1" 200 29
WARNING 2026-07-26 08:18:53,297 gmail_service 111014 137260007667392 Gmail API error 429. Retrying in 2.1s...
WARNING 2026-07-26 08:18:55,833 gmail_service 111014 137260007667392 Gmail API error 429. Retrying in 4.2s...
INFO 2026-07-26 08:18:57,476 log 111014 137262046463680 "GET /inbox/ HTTP/1.1" 200 257178
INFO 2026-07-26 08:18:58,665 log 111014 137262046463680 "GET /sync/?auto=1 HTTP/1.1" 200 29
WARNING 2026-07-26 08:19:00,453 gmail_service 111014 137260007667392 Gmail API error 429. Retrying in 8.3s...
WARNING 2026-07-26 08:19:09,218 gmail_service 111014 137260007667392 Gmail API error 429. Retrying in 16.4s...
ERROR 2026-07-26 08:19:26,144 gmail_service 111014 137260007667392 Failed to fetch Gmail message list: <HttpError 429 when requesting https://gmail.googleapis.com/gmail/v1/users/me/messages?maxResults=500&alt=json returned "User-rate limit exceeded.  Retry after 2026-07-26T08:34:25.827Z". Details: "[{'message': 'User-rate limit exceeded.  Retry after 2026-07-26T08:34:25.827Z', 'domain': 'global', 'reason': 'rateLimitExceeded'}]">
INFO 2026-07-26 08:19:26,194 predictor 111014 137260007667392 Local ML Engine artifacts loaded from /home/lonewolf/Email_Phisher/Email_Phisher/SecureMail/ml/models
INFO 2026-07-26 08:19:26,202 email_pipeline 111014 137260007667392 EmailPipeline initialized successfully.
INFO 2026-07-26 08:19:58,110 predictor 111014 137262046463680 Local ML Engine artifacts loaded from /home/lonewolf/Email_Phisher/Email_Phisher/SecureMail/ml/models
INFO 2026-07-26 08:19:58,121 email_pipeline 111014 137262046463680 EmailPipeline initialized successfully.
INFO 2026-07-26 08:19:58,121 sync_manager 111014 137262046463680 SyncManager initialized with EmailPipeline for singhisking210222
INFO 2026-07-26 08:19:58,126 log 111014 137262046463680 "GET /sync/ HTTP/1.1" 302 0
INFO 2026-07-26 08:19:58,158 log 111014 137262046463680 "GET /inbox/ HTTP/1.1" 200 257637
INFO 2026-07-26 08:19:58,209 log 111014 137262046463680 "GET /inbox/ HTTP/1.1" 200 257178
INFO 2026-07-26 08:19:58,226 log 111014 137262046463680 "GET /static/SecureMail/css/global.css HTTP/1.1" 304 0
WARNING 2026-07-26 08:19:59,283 gmail_service 111014 137260032845504 Gmail API error 429. Retrying in 1.0s...
INFO 2026-07-26 08:20:00,083 log 111014 137262046463680 "GET /sync/?auto=1 HTTP/1.1" 200 29
WARNING 2026-07-26 08:20:00,857 gmail_service 111014 137260032845504 Gmail API error 429. Retrying in 2.1s...
WARNING 2026-07-26 08:20:03,417 gmail_service 111014 137260032845504 Gmail API error 429. Retrying in 4.2s...
WARNING 2026-07-26 08:20:08,025 gmail_service 111014 137260032845504 Gmail API error 429. Retrying in 8.3s...
WARNING 2026-07-26 08:20:16,833 gmail_service 111014 137260032845504 Gmail API error 429. Retrying in 16.4s...
ERROR 2026-07-26 08:20:33,830 gmail_service 111014 137260032845504 Failed to fetch Gmail message list: <HttpError 429 when requesting https://gmail.googleapis.com/gmail/v1/users/me/messages?maxResults=500&alt=json returned "User-rate limit exceeded.  Retry after 2026-07-26T08:35:33.481Z". Details: "[{'message': 'User-rate limit exceeded.  Retry after 2026-07-26T08:35:33.481Z', 'domain': 'global', 'reason': 'rateLimitExceeded'}]">
INFO 2026-07-26 08:20:33,877 predictor 111014 137260032845504 Local ML Engine artifacts loaded from /home/lonewolf/Email_Phisher/Email_Phisher/SecureMail/ml/models
INFO 2026-07-26 08:20:33,885 email_pipeline 111014 137260032845504 EmailPipeline initialized successfully.
INFO 2026-07-26 08:20:59,113 predictor 111014 137262046463680 Local ML Engine artifacts loaded from /home/lonewolf/Email_Phisher/Email_Phisher/SecureMail/ml/models
INFO 2026-07-26 08:20:59,121 email_pipeline 111014 137262046463680 EmailPipeline initialized successfully.
INFO 2026-07-26 08:20:59,121 sync_manager 111014 137262046463680 SyncManager initialized with EmailPipeline for singhisking210222
INFO 2026-07-26 08:20:59,127 log 111014 137262046463680 "GET /sync/ HTTP/1.1" 302 0
INFO 2026-07-26 08:20:59,159 log 111014 137262046463680 "GET /inbox/ HTTP/1.1" 200 257637
INFO 2026-07-26 08:20:59,196 log 111014 137262046463680 "GET /inbox/ HTTP/1.1" 200 257178
INFO 2026-07-26 08:20:59,212 log 111014 137262046463680 "GET /static/SecureMail/css/global.css HTTP/1.1" 304 0
WARNING 2026-07-26 08:21:01,052 gmail_service 111014 137260032845504 Gmail API error 429. Retrying in 1.0s...
INFO 2026-07-26 08:21:01,084 log 111014 137262046463680 "GET /sync/?auto=1 HTTP/1.1" 200 29
WARNING 2026-07-26 08:21:02,623 gmail_service 111014 137260032845504 Gmail API error 429. Retrying in 2.1s...
WARNING 2026-07-26 08:21:05,069 gmail_service 111014 137260032845504 Gmail API error 429. Retrying in 4.2s...
WARNING 2026-07-26 08:21:09,726 gmail_service 111014 137260032845504 Gmail API error 429. Retrying in 8.3s...
WARNING 2026-07-26 08:21:18,477 gmail_service 111014 137260032845504 Gmail API error 429. Retrying in 16.4s...
ERROR 2026-07-26 08:21:35,373 gmail_service 111014 137260032845504 Failed to fetch Gmail message list: <HttpError 429 when requesting https://gmail.googleapis.com/gmail/v1/users/me/messages?maxResults=500&alt=json returned "User-rate limit exceeded.  Retry after 2026-07-26T08:36:35.061Z". Details: "[{'message': 'User-rate limit exceeded.  Retry after 2026-07-26T08:36:35.061Z', 'domain': 'global', 'reason': 'rateLimitExceeded'}]">
INFO 2026-07-26 08:21:35,410 predictor 111014 137260032845504 Local ML Engine artifacts loaded from /home/lonewolf/Email_Phisher/Email_Phisher/SecureMail/ml/models
INFO 2026-07-26 08:21:35,419 email_pipeline 111014 137260032845504 EmailPipeline initialized successfully.
INFO 2026-07-26 08:22:00,115 predictor 111014 137262046463680 Local ML Engine artifacts loaded from /home/lonewolf/Email_Phisher/Email_Phisher/SecureMail/ml/models
INFO 2026-07-26 08:22:00,131 email_pipeline 111014 137262046463680 EmailPipeline initialized successfully.
INFO 2026-07-26 08:22:00,131 sync_manager 111014 137262046463680 SyncManager initialized with EmailPipeline for singhisking210222
INFO 2026-07-26 08:22:00,157 log 111014 137262046463680 "GET /sync/ HTTP/1.1" 302 0
INFO 2026-07-26 08:22:00,207 log 111014 137262046463680 "GET /inbox/ HTTP/1.1" 200 257637
INFO 2026-07-26 08:22:00,262 log 111014 137262046463680 "GET /inbox/ HTTP/1.1" 200 257178
INFO 2026-07-26 08:22:00,276 log 111014 137262046463680 "GET /static/SecureMail/css/global.css HTTP/1.1" 304 0
WARNING 2026-07-26 08:22:01,546 gmail_service 111014 137260032845504 Gmail API error 429. Retrying in 1.0s...
INFO 2026-07-26 08:22:02,084 log 111014 137262046463680 "GET /sync/?auto=1 HTTP/1.1" 200 29
WARNING 2026-07-26 08:22:02,919 gmail_service 111014 137260032845504 Gmail API error 429. Retrying in 2.1s...
WARNING 2026-07-26 08:22:05,478 gmail_service 111014 137260032845504 Gmail API error 429. Retrying in 4.2s...
WARNING 2026-07-26 08:22:10,101 gmail_service 111014 137260032845504 Gmail API error 429. Retrying in 8.3s...
WARNING 2026-07-26 08:22:18,811 gmail_service 111014 137260032845504 Gmail API error 429. Retrying in 16.4s...
ERROR 2026-07-26 08:22:35,687 gmail_service 111014 137260032845504 Failed to fetch Gmail message list: <HttpError 429 when requesting https://gmail.googleapis.com/gmail/v1/users/me/messages?maxResults=500&alt=json returned "User-rate limit exceeded.  Retry after 2026-07-26T08:37:35.468Z". Details: "[{'message': 'User-rate limit exceeded.  Retry after 2026-07-26T08:37:35.468Z', 'domain': 'global', 'reason': 'rateLimitExceeded'}]">
INFO 2026-07-26 08:22:35,744 predictor 111014 137260032845504 Local ML Engine artifacts loaded from /home/lonewolf/Email_Phisher/Email_Phisher/SecureMail/ml/models
INFO 2026-07-26 08:22:35,753 email_pipeline 111014 137260032845504 EmailPipeline initialized successfully.
INFO 2026-07-26 08:23:01,107 predictor 111014 137262046463680 Local ML Engine artifacts loaded from /home/lonewolf/Email_Phisher/Email_Phisher/SecureMail/ml/models
INFO 2026-07-26 08:23:01,115 email_pipeline 111014 137262046463680 EmailPipeline initialized successfully.
INFO 2026-07-26 08:23:01,115 sync_manager 111014 137262046463680 SyncManager initialized with EmailPipeline for singhisking210222
INFO 2026-07-26 08:23:01,122 log 111014 137262046463680 "GET /sync/ HTTP/1.1" 302 0
INFO 2026-07-26 08:23:01,184 log 111014 137262046463680 "GET /inbox/ HTTP/1.1" 200 257637
INFO 2026-07-26 08:23:01,238 log 111014 137262046463680 "GET /inbox/ HTTP/1.1" 200 257178
INFO 2026-07-26 08:23:01,254 log 111014 137262046463680 "GET /static/SecureMail/css/global.css HTTP/1.1" 304 0
WARNING 2026-07-26 08:23:02,925 gmail_service 111014 137260032845504 Gmail API error 429. Retrying in 1.0s...
INFO 2026-07-26 08:23:03,082 log 111014 137262046463680 "GET /sync/?auto=1 HTTP/1.1" 200 29
WARNING 2026-07-26 08:23:04,382 gmail_service 111014 137260032845504 Gmail API error 429. Retrying in 2.1s...
WARNING 2026-07-26 08:23:06,921 gmail_service 111014 137260032845504 Gmail API error 429. Retrying in 4.2s...
WARNING 2026-07-26 08:23:11,528 gmail_service 111014 137260032845504 Gmail API error 429. Retrying in 8.3s...
WARNING 2026-07-26 08:23:20,234 gmail_service 111014 137260032845504 Gmail API error 429. Retrying in 16.4s...
ERROR 2026-07-26 08:23:37,025 gmail_service 111014 137260032845504 Failed to fetch Gmail message list: <HttpError 429 when requesting https://gmail.googleapis.com/gmail/v1/users/me/messages?maxResults=500&alt=json returned "User-rate limit exceeded.  Retry after 2026-07-26T08:38:36.833Z". Details: "[{'message': 'User-rate limit exceeded.  Retry after 2026-07-26T08:38:36.833Z', 'domain': 'global', 'reason': 'rateLimitExceeded'}]">
INFO 2026-07-26 08:23:37,075 predictor 111014 137260032845504 Local ML Engine artifacts loaded from /home/lonewolf/Email_Phisher/Email_Phisher/SecureMail/ml/models
INFO 2026-07-26 08:23:37,084 email_pipeline 111014 137260032845504 EmailPipeline initialized successfully.
INFO 2026-07-26 08:24:02,115 predictor 111014 137262046463680 Local ML Engine artifacts loaded from /home/lonewolf/Email_Phisher/Email_Phisher/SecureMail/ml/models
INFO 2026-07-26 08:24:02,127 email_pipeline 111014 137262046463680 EmailPipeline initialized successfully.
INFO 2026-07-26 08:24:02,127 sync_manager 111014 137262046463680 SyncManager initialized with EmailPipeline for singhisking210222
INFO 2026-07-26 08:24:02,134 log 111014 137262046463680 "GET /sync/ HTTP/1.1" 302 0
INFO 2026-07-26 08:24:02,181 log 111014 137262046463680 "GET /inbox/ HTTP/1.1" 200 262852
INFO 2026-07-26 08:24:02,229 log 111014 137262046463680 "GET /inbox/ HTTP/1.1" 200 262393
INFO 2026-07-26 08:24:02,242 log 111014 137262046463680 "GET /static/SecureMail/css/global.css HTTP/1.1" 200 9862
WARNING 2026-07-26 08:24:03,956 gmail_service 111014 137260175455936 Gmail API error 429. Retrying in 1.0s...
INFO 2026-07-26 08:24:04,089 log 111014 137262046463680 "GET /sync/?auto=1 HTTP/1.1" 200 29
WARNING 2026-07-26 08:24:05,389 gmail_service 111014 137260175455936 Gmail API error 429. Retrying in 2.1s...
WARNING 2026-07-26 08:24:08,052 gmail_service 111014 137260175455936 Gmail API error 429. Retrying in 4.2s...
WARNING 2026-07-26 08:24:12,630 gmail_service 111014 137260175455936 Gmail API error 429. Retrying in 8.3s...
WARNING 2026-07-26 08:24:21,364 gmail_service 111014 137260175455936 Gmail API error 429. Retrying in 16.4s...
ERROR 2026-07-26 08:24:38,150 gmail_service 111014 137260175455936 Failed to fetch Gmail message list: <HttpError 429 when requesting https://gmail.googleapis.com/gmail/v1/users/me/messages?maxResults=500&alt=json returned "User-rate limit exceeded.  Retry after 2026-07-26T08:39:37.985Z". Details: "[{'message': 'User-rate limit exceeded.  Retry after 2026-07-26T08:39:37.985Z', 'domain': 'global', 'reason': 'rateLimitExceeded'}]">
INFO 2026-07-26 08:24:38,201 predictor 111014 137260175455936 Local ML Engine artifacts loaded from /home/lonewolf/Email_Phisher/Email_Phisher/SecureMail/ml/models
INFO 2026-07-26 08:24:38,210 email_pipeline 111014 137260175455936 EmailPipeline initialized successfully.
INFO 2026-07-26 08:25:03,122 predictor 111014 137262046463680 Local ML Engine artifacts loaded from /home/lonewolf/Email_Phisher/Email_Phisher/SecureMail/ml/models
INFO 2026-07-26 08:25:03,131 email_pipeline 111014 137262046463680 EmailPipeline initialized successfully.
INFO 2026-07-26 08:25:03,131 sync_manager 111014 137262046463680 SyncManager initialized with EmailPipeline for singhisking210222
INFO 2026-07-26 08:25:03,137 log 111014 137262046463680 "GET /sync/ HTTP/1.1" 302 0
INFO 2026-07-26 08:25:03,177 log 111014 137262046463680 "GET /inbox/ HTTP/1.1" 200 262852
INFO 2026-07-26 08:25:03,221 log 111014 137262046463680 "GET /inbox/ HTTP/1.1" 200 262393
INFO 2026-07-26 08:25:03,238 log 111014 137262046463680 "GET /static/SecureMail/css/global.css HTTP/1.1" 304 0
WARNING 2026-07-26 08:25:04,579 gmail_service 111014 137260175455936 Gmail API error 429. Retrying in 1.0s...
INFO 2026-07-26 08:25:05,088 log 111014 137262046463680 "GET /sync/?auto=1 HTTP/1.1" 200 29
WARNING 2026-07-26 08:25:06,072 gmail_service 111014 137260175455936 Gmail API error 429. Retrying in 2.1s...
WARNING 2026-07-26 08:25:08,684 gmail_service 111014 137260175455936 Gmail API error 429. Retrying in 4.2s...
WARNING 2026-07-26 08:25:13,389 gmail_service 111014 137260175455936 Gmail API error 429. Retrying in 8.3s...
WARNING 2026-07-26 08:25:22,070 gmail_service 111014 137260175455936 Gmail API error 429. Retrying in 16.4s...
ERROR 2026-07-26 08:25:38,885 gmail_service 111014 137260175455936 Failed to fetch Gmail message list: <HttpError 429 when requesting https://gmail.googleapis.com/gmail/v1/users/me/messages?maxResults=500&alt=json returned "User-rate limit exceeded.  Retry after 2026-07-26T08:40:38.669Z". Details: "[{'message': 'User-rate limit exceeded.  Retry after 2026-07-26T08:40:38.669Z', 'domain': 'global', 'reason': 'rateLimitExceeded'}]">
INFO 2026-07-26 08:25:38,924 predictor 111014 137260175455936 Local ML Engine artifacts loaded from /home/lonewolf/Email_Phisher/Email_Phisher/SecureMail/ml/models
INFO 2026-07-26 08:25:38,933 email_pipeline 111014 137260175455936 EmailPipeline initialized successfully.
INFO 2026-07-26 08:26:04,129 predictor 111014 137262046463680 Local ML Engine artifacts loaded from /home/lonewolf/Email_Phisher/Email_Phisher/SecureMail/ml/models
INFO 2026-07-26 08:26:04,137 email_pipeline 111014 137262046463680 EmailPipeline initialized successfully.
INFO 2026-07-26 08:26:04,137 sync_manager 111014 137262046463680 SyncManager initialized with EmailPipeline for singhisking210222
INFO 2026-07-26 08:26:04,144 log 111014 137262046463680 "GET /sync/ HTTP/1.1" 302 0
INFO 2026-07-26 08:26:04,185 log 111014 137262046463680 "GET /inbox/ HTTP/1.1" 200 262852
INFO 2026-07-26 08:26:04,223 log 111014 137262046463680 "GET /inbox/ HTTP/1.1" 200 262393
INFO 2026-07-26 08:26:04,237 log 111014 137262046463680 "GET /static/SecureMail/css/global.css HTTP/1.1" 304 0
WARNING 2026-07-26 08:26:05,403 gmail_service 111014 137260175455936 Gmail API error 429. Retrying in 1.0s...
INFO 2026-07-26 08:26:06,088 log 111014 137262046463680 "GET /sync/?auto=1 HTTP/1.1" 200 29
WARNING 2026-07-26 08:26:06,838 gmail_service 111014 137260175455936 Gmail API error 429. Retrying in 2.1s...
WARNING 2026-07-26 08:26:09,398 gmail_service 111014 137260175455936 Gmail API error 429. Retrying in 4.2s...
WARNING 2026-07-26 08:26:14,107 gmail_service 111014 137260175455936 Gmail API error 429. Retrying in 8.3s...
WARNING 2026-07-26 08:26:22,914 gmail_service 111014 137260175455936 Gmail API error 429. Retrying in 16.4s...
ERROR 2026-07-26 08:26:39,809 gmail_service 111014 137260175455936 Failed to fetch Gmail message list: <HttpError 429 when requesting https://gmail.googleapis.com/gmail/v1/users/me/messages?maxResults=500&alt=json returned "User-rate limit exceeded.  Retry after 2026-07-26T08:41:39.564Z". Details: "[{'message': 'User-rate limit exceeded.  Retry after 2026-07-26T08:41:39.564Z', 'domain': 'global', 'reason': 'rateLimitExceeded'}]">
INFO 2026-07-26 08:26:39,856 predictor 111014 137260175455936 Local ML Engine artifacts loaded from /home/lonewolf/Email_Phisher/Email_Phisher/SecureMail/ml/models
INFO 2026-07-26 08:26:39,865 email_pipeline 111014 137260175455936 EmailPipeline initialized successfully.
INFO 2026-07-26 08:27:05,115 predictor 111014 137262046463680 Local ML Engine artifacts loaded from /home/lonewolf/Email_Phisher/Email_Phisher/SecureMail/ml/models
INFO 2026-07-26 08:27:05,124 email_pipeline 111014 137262046463680 EmailPipeline initialized successfully.
INFO 2026-07-26 08:27:05,124 sync_manager 111014 137262046463680 SyncManager initialized with EmailPipeline for singhisking210222
INFO 2026-07-26 08:27:05,130 log 111014 137262046463680 "GET /sync/ HTTP/1.1" 302 0
INFO 2026-07-26 08:27:05,165 log 111014 137262046463680 "GET /inbox/ HTTP/1.1" 200 262852
INFO 2026-07-26 08:27:05,214 log 111014 137262046463680 "GET /inbox/ HTTP/1.1" 200 262393
INFO 2026-07-26 08:27:05,226 log 111014 137262046463680 "GET /static/SecureMail/css/global.css HTTP/1.1" 304 0
WARNING 2026-07-26 08:27:06,945 gmail_service 111014 137260175455936 Gmail API error 429. Retrying in 1.0s...
INFO 2026-07-26 08:27:07,088 log 111014 137262046463680 "GET /sync/?auto=1 HTTP/1.1" 200 29
WARNING 2026-07-26 08:27:08,485 gmail_service 111014 137260175455936 Gmail API error 429. Retrying in 2.1s...
WARNING 2026-07-26 08:27:11,042 gmail_service 111014 137260175455936 Gmail API error 429. Retrying in 4.2s...
WARNING 2026-07-26 08:27:15,753 gmail_service 111014 137260175455936 Gmail API error 429. Retrying in 8.3s...
WARNING 2026-07-26 08:27:24,455 gmail_service 111014 137260175455936 Gmail API error 429. Retrying in 16.4s...
ERROR 2026-07-26 08:27:41,262 gmail_service 111014 137260175455936 Failed to fetch Gmail message list: <HttpError 429 when requesting https://gmail.googleapis.com/gmail/v1/users/me/messages?maxResults=500&alt=json returned "User-rate limit exceeded.  Retry after 2026-07-26T08:42:41.092Z". Details: "[{'message': 'User-rate limit exceeded.  Retry after 2026-07-26T08:42:41.092Z', 'domain': 'global', 'reason': 'rateLimitExceeded'}]">
INFO 2026-07-26 08:27:41,300 predictor 111014 137260175455936 Local ML Engine artifacts loaded from /home/lonewolf/Email_Phisher/Email_Phisher/SecureMail/ml/models
INFO 2026-07-26 08:27:41,308 email_pipeline 111014 137260175455936 EmailPipeline initialized successfully.
INFO 2026-07-26 08:28:06,114 predictor 111014 137262046463680 Local ML Engine artifacts loaded from /home/lonewolf/Email_Phisher/Email_Phisher/SecureMail/ml/models
INFO 2026-07-26 08:28:06,124 email_pipeline 111014 137262046463680 EmailPipeline initialized successfully.
INFO 2026-07-26 08:28:06,124 sync_manager 111014 137262046463680 SyncManager initialized with EmailPipeline for singhisking210222
INFO 2026-07-26 08:28:06,131 log 111014 137262046463680 "GET /sync/ HTTP/1.1" 302 0
INFO 2026-07-26 08:28:06,165 log 111014 137262046463680 "GET /inbox/ HTTP/1.1" 200 262852
INFO 2026-07-26 08:28:06,208 log 111014 137262046463680 "GET /inbox/ HTTP/1.1" 200 262393
INFO 2026-07-26 08:28:06,222 log 111014 137262046463680 "GET /static/SecureMail/css/global.css HTTP/1.1" 304 0
WARNING 2026-07-26 08:28:07,467 gmail_service 111014 137260175455936 Gmail API error 429. Retrying in 1.0s...
INFO 2026-07-26 08:28:08,090 log 111014 137262046463680 "GET /sync/?auto=1 HTTP/1.1" 200 29
WARNING 2026-07-26 08:28:08,885 gmail_service 111014 137260175455936 Gmail API error 429. Retrying in 2.1s...
WARNING 2026-07-26 08:28:11,460 gmail_service 111014 137260175455936 Gmail API error 429. Retrying in 4.2s...
WARNING 2026-07-26 08:28:16,169 gmail_service 111014 137260175455936 Gmail API error 429. Retrying in 8.3s...
WARNING 2026-07-26 08:28:24,894 gmail_service 111014 137260175455936 Gmail API error 429. Retrying in 16.4s...
ERROR 2026-07-26 08:28:41,726 gmail_service 111014 137260175455936 Failed to fetch Gmail message list: <HttpError 429 when requesting https://gmail.googleapis.com/gmail/v1/users/me/messages?maxResults=500&alt=json returned "User-rate limit exceeded.  Retry after 2026-07-26T08:43:41.518Z". Details: "[{'message': 'User-rate limit exceeded.  Retry after 2026-07-26T08:43:41.518Z', 'domain': 'global', 'reason': 'rateLimitExceeded'}]">
INFO 2026-07-26 08:28:41,780 predictor 111014 137260175455936 Local ML Engine artifacts loaded from /home/lonewolf/Email_Phisher/Email_Phisher/SecureMail/ml/models
INFO 2026-07-26 08:28:41,788 email_pipeline 111014 137260175455936 EmailPipeline initialized successfully.
INFO 2026-07-26 08:29:07,110 predictor 111014 137262046463680 Local ML Engine artifacts loaded from /home/lonewolf/Email_Phisher/Email_Phisher/SecureMail/ml/models
INFO 2026-07-26 08:29:07,120 email_pipeline 111014 137262046463680 EmailPipeline initialized successfully.
INFO 2026-07-26 08:29:07,120 sync_manager 111014 137262046463680 SyncManager initialized with EmailPipeline for singhisking210222
INFO 2026-07-26 08:29:07,127 log 111014 137262046463680 "GET /sync/ HTTP/1.1" 302 0
INFO 2026-07-26 08:29:07,162 log 111014 137262046463680 "GET /inbox/ HTTP/1.1" 200 262852
INFO 2026-07-26 08:29:07,204 log 111014 137262046463680 "GET /inbox/ HTTP/1.1" 200 262393
INFO 2026-07-26 08:29:07,221 log 111014 137262046463680 "GET /static/SecureMail/css/global.css HTTP/1.1" 304 0
WARNING 2026-07-26 08:29:08,610 gmail_service 111014 137260175455936 Gmail API error 429. Retrying in 1.0s...
INFO 2026-07-26 08:29:09,089 log 111014 137262046463680 "GET /sync/?auto=1 HTTP/1.1" 200 29
WARNING 2026-07-26 08:29:10,031 gmail_service 111014 137260175455936 Gmail API error 429. Retrying in 2.1s...
WARNING 2026-07-26 08:29:12,574 gmail_service 111014 137260175455936 Gmail API error 429. Retrying in 4.2s...
WARNING 2026-07-26 08:29:17,301 gmail_service 111014 137260175455936 Gmail API error 429. Retrying in 8.3s...
WARNING 2026-07-26 08:29:26,108 gmail_service 111014 137260175455936 Gmail API error 429. Retrying in 16.4s...
ERROR 2026-07-26 08:29:42,902 gmail_service 111014 137260175455936 Failed to fetch Gmail message list: <HttpError 429 when requesting https://gmail.googleapis.com/gmail/v1/users/me/messages?maxResults=500&alt=json returned "User-rate limit exceeded.  Retry after 2026-07-26T08:44:42.718Z". Details: "[{'message': 'User-rate limit exceeded.  Retry after 2026-07-26T08:44:42.718Z', 'domain': 'global', 'reason': 'rateLimitExceeded'}]">
INFO 2026-07-26 08:29:42,949 predictor 111014 137260175455936 Local ML Engine artifacts loaded from /home/lonewolf/Email_Phisher/Email_Phisher/SecureMail/ml/models
INFO 2026-07-26 08:29:42,958 email_pipeline 111014 137260175455936 EmailPipeline initialized successfully.
INFO 2026-07-26 08:30:08,114 predictor 111014 137262046463680 Local ML Engine artifacts loaded from /home/lonewolf/Email_Phisher/Email_Phisher/SecureMail/ml/models
INFO 2026-07-26 08:30:08,124 email_pipeline 111014 137262046463680 EmailPipeline initialized successfully.
INFO 2026-07-26 08:30:08,124 sync_manager 111014 137262046463680 SyncManager initialized with EmailPipeline for singhisking210222
INFO 2026-07-26 08:30:08,149 log 111014 137262046463680 "GET /sync/ HTTP/1.1" 302 0
INFO 2026-07-26 08:30:08,187 log 111014 137262046463680 "GET /inbox/ HTTP/1.1" 200 262852
INFO 2026-07-26 08:30:08,231 log 111014 137262046463680 "GET /inbox/ HTTP/1.1" 200 262393
INFO 2026-07-26 08:30:08,246 log 111014 137262046463680 "GET /static/SecureMail/css/global.css HTTP/1.1" 304 0
WARNING 2026-07-26 08:30:09,525 gmail_service 111014 137260175455936 Gmail API error 429. Retrying in 1.0s...
INFO 2026-07-26 08:30:10,088 log 111014 137262046463680 "GET /sync/?auto=1 HTTP/1.1" 200 29
WARNING 2026-07-26 08:30:10,962 gmail_service 111014 137260175455936 Gmail API error 429. Retrying in 2.1s...
WARNING 2026-07-26 08:30:13,826 gmail_service 111014 137260175455936 Gmail API error 429. Retrying in 4.2s...
WARNING 2026-07-26 08:30:18,536 gmail_service 111014 137260175455936 Gmail API error 429. Retrying in 8.3s...
WARNING 2026-07-26 08:30:27,651 gmail_service 111014 137260175455936 Gmail API error 429. Retrying in 16.4s...
ERROR 2026-07-26 08:30:44,547 gmail_service 111014 137260175455936 Failed to fetch Gmail message list: <HttpError 429 when requesting https://gmail.googleapis.com/gmail/v1/users/me/messages?maxResults=500&alt=json returned "User-rate limit exceeded.  Retry after 2026-07-26T08:45:44.248Z". Details: "[{'message': 'User-rate limit exceeded.  Retry after 2026-07-26T08:45:44.248Z', 'domain': 'global', 'reason': 'rateLimitExceeded'}]">
INFO 2026-07-26 08:30:44,617 predictor 111014 137260175455936 Local ML Engine artifacts loaded from /home/lonewolf/Email_Phisher/Email_Phisher/SecureMail/ml/models
INFO 2026-07-26 08:30:44,626 email_pipeline 111014 137260175455936 EmailPipeline initialized successfully.
INFO 2026-07-26 08:31:09,114 predictor 111014 137262046463680 Local ML Engine artifacts loaded from /home/lonewolf/Email_Phisher/Email_Phisher/SecureMail/ml/models
INFO 2026-07-26 08:31:09,123 email_pipeline 111014 137262046463680 EmailPipeline initialized successfully.
INFO 2026-07-26 08:31:09,123 sync_manager 111014 137262046463680 SyncManager initialized with EmailPipeline for singhisking210222
INFO 2026-07-26 08:31:09,128 log 111014 137262046463680 "GET /sync/ HTTP/1.1" 302 0
INFO 2026-07-26 08:31:09,165 log 111014 137262046463680 "GET /inbox/ HTTP/1.1" 200 262852
INFO 2026-07-26 08:31:09,207 log 111014 137262046463680 "GET /inbox/ HTTP/1.1" 200 262393
INFO 2026-07-26 08:31:09,222 log 111014 137262046463680 "GET /static/SecureMail/css/global.css HTTP/1.1" 304 0
WARNING 2026-07-26 08:31:10,598 gmail_service 111014 137259999274688 Gmail API error 429. Retrying in 1.0s...
INFO 2026-07-26 08:31:11,088 log 111014 137262046463680 "GET /sync/?auto=1 HTTP/1.1" 200 29
WARNING 2026-07-26 08:31:12,031 gmail_service 111014 137259999274688 Gmail API error 429. Retrying in 2.1s...
WARNING 2026-07-26 08:31:14,589 gmail_service 111014 137259999274688 Gmail API error 429. Retrying in 4.2s...
WARNING 2026-07-26 08:31:19,417 gmail_service 111014 137259999274688 Gmail API error 429. Retrying in 8.3s...
WARNING 2026-07-26 08:31:28,106 gmail_service 111014 137259999274688 Gmail API error 429. Retrying in 16.4s...
INFO 2026-07-26 08:31:28,422 log 111014 137262046463680 "GET /inbox/ HTTP/1.1" 200 262393
INFO 2026-07-26 08:31:29,624 log 111014 137262046463680 "GET /sync/?auto=1 HTTP/1.1" 200 29
ERROR 2026-07-26 08:31:44,920 gmail_service 111014 137259999274688 Failed to fetch Gmail message list: <HttpError 429 when requesting https://gmail.googleapis.com/gmail/v1/users/me/messages?maxResults=500&alt=json returned "User-rate limit exceeded.  Retry after 2026-07-26T08:46:44.737Z". Details: "[{'message': 'User-rate limit exceeded.  Retry after 2026-07-26T08:46:44.737Z', 'domain': 'global', 'reason': 'rateLimitExceeded'}]">
INFO 2026-07-26 08:31:44,955 predictor 111014 137259999274688 Local ML Engine artifacts loaded from /home/lonewolf/Email_Phisher/Email_Phisher/SecureMail/ml/models
INFO 2026-07-26 08:31:44,963 email_pipeline 111014 137259999274688 EmailPipeline initialized successfully.
INFO 2026-07-26 08:32:29,114 predictor 111014 137262046463680 Local ML Engine artifacts loaded from /home/lonewolf/Email_Phisher/Email_Phisher/SecureMail/ml/models
INFO 2026-07-26 08:32:29,127 email_pipeline 111014 137262046463680 EmailPipeline initialized successfully.
INFO 2026-07-26 08:32:29,127 sync_manager 111014 137262046463680 SyncManager initialized with EmailPipeline for singhisking210222
INFO 2026-07-26 08:32:29,134 log 111014 137262046463680 "GET /sync/ HTTP/1.1" 302 0
INFO 2026-07-26 08:32:29,166 log 111014 137262046463680 "GET /inbox/ HTTP/1.1" 200 262852
INFO 2026-07-26 08:32:29,212 log 111014 137262046463680 "GET /inbox/ HTTP/1.1" 200 262393
INFO 2026-07-26 08:32:29,226 log 111014 137262046463680 "GET /static/SecureMail/css/global.css HTTP/1.1" 304 0
WARNING 2026-07-26 08:32:30,129 gmail_service 111014 137259999274688 Gmail API error 429. Retrying in 1.0s...
INFO 2026-07-26 08:32:31,085 log 111014 137262046463680 "GET /sync/?auto=1 HTTP/1.1" 200 29
WARNING 2026-07-26 08:32:31,555 gmail_service 111014 137259999274688 Gmail API error 429. Retrying in 2.1s...
WARNING 2026-07-26 08:32:34,217 gmail_service 111014 137259999274688 Gmail API error 429. Retrying in 4.2s...
WARNING 2026-07-26 08:32:38,825 gmail_service 111014 137259999274688 Gmail API error 429. Retrying in 8.3s...
WARNING 2026-07-26 08:32:47,465 gmail_service 111014 137259999274688 Gmail API error 429. Retrying in 16.4s...
ERROR 2026-07-26 08:33:04,433 gmail_service 111014 137259999274688 Failed to fetch Gmail message list: <HttpError 429 when requesting https://gmail.googleapis.com/gmail/v1/users/me/messages?maxResults=500&alt=json returned "User-rate limit exceeded.  Retry after 2026-07-26T08:48:04.055Z". Details: "[{'message': 'User-rate limit exceeded.  Retry after 2026-07-26T08:48:04.055Z', 'domain': 'global', 'reason': 'rateLimitExceeded'}]">
INFO 2026-07-26 08:33:04,484 predictor 111014 137259999274688 Local ML Engine artifacts loaded from /home/lonewolf/Email_Phisher/Email_Phisher/SecureMail/ml/models
INFO 2026-07-26 08:33:04,493 email_pipeline 111014 137259999274688 EmailPipeline initialized successfully.
INFO 2026-07-26 08:33:30,115 predictor 111014 137262046463680 Local ML Engine artifacts loaded from /home/lonewolf/Email_Phisher/Email_Phisher/SecureMail/ml/models
INFO 2026-07-26 08:33:30,125 email_pipeline 111014 137262046463680 EmailPipeline initialized successfully.
INFO 2026-07-26 08:33:30,125 sync_manager 111014 137262046463680 SyncManager initialized with EmailPipeline for singhisking210222
INFO 2026-07-26 08:33:30,132 log 111014 137262046463680 "GET /sync/ HTTP/1.1" 302 0
INFO 2026-07-26 08:33:30,167 log 111014 137262046463680 "GET /inbox/ HTTP/1.1" 200 262852
INFO 2026-07-26 08:33:30,209 log 111014 137262046463680 "GET /inbox/ HTTP/1.1" 200 262393
INFO 2026-07-26 08:33:30,222 log 111014 137262046463680 "GET /static/SecureMail/css/global.css HTTP/1.1" 304 0
WARNING 2026-07-26 08:33:31,136 gmail_service 111014 137259999274688 Gmail API error 429. Retrying in 1.0s...
INFO 2026-07-26 08:33:32,091 log 111014 137262046463680 "GET /sync/?auto=1 HTTP/1.1" 200 29
WARNING 2026-07-26 08:33:32,506 gmail_service 111014 137259999274688 Gmail API error 429. Retrying in 2.1s...
WARNING 2026-07-26 08:33:35,146 gmail_service 111014 137259999274688 Gmail API error 429. Retrying in 4.2s...
WARNING 2026-07-26 08:33:39,754 gmail_service 111014 137259999274688 Gmail API error 429. Retrying in 8.3s...
WARNING 2026-07-26 08:33:48,457 gmail_service 111014 137259999274688 Gmail API error 429. Retrying in 16.4s...
ERROR 2026-07-26 08:34:05,251 gmail_service 111014 137259999274688 Failed to fetch Gmail message list: <HttpError 429 when requesting https://gmail.googleapis.com/gmail/v1/users/me/messages?maxResults=500&alt=json returned "User-rate limit exceeded.  Retry after 2026-07-26T08:49:05.048Z". Details: "[{'message': 'User-rate limit exceeded.  Retry after 2026-07-26T08:49:05.048Z', 'domain': 'global', 'reason': 'rateLimitExceeded'}]">
INFO 2026-07-26 08:34:05,287 predictor 111014 137259999274688 Local ML Engine artifacts loaded from /home/lonewolf/Email_Phisher/Email_Phisher/SecureMail/ml/models
INFO 2026-07-26 08:34:05,295 email_pipeline 111014 137259999274688 EmailPipeline initialized successfully.
INFO 2026-07-26 08:34:31,118 predictor 111014 137262046463680 Local ML Engine artifacts loaded from /home/lonewolf/Email_Phisher/Email_Phisher/SecureMail/ml/models
INFO 2026-07-26 08:34:31,129 email_pipeline 111014 137262046463680 EmailPipeline initialized successfully.
INFO 2026-07-26 08:34:31,129 sync_manager 111014 137262046463680 SyncManager initialized with EmailPipeline for singhisking210222
INFO 2026-07-26 08:34:31,136 log 111014 137262046463680 "GET /sync/ HTTP/1.1" 302 0
INFO 2026-07-26 08:34:31,178 log 111014 137262046463680 "GET /inbox/ HTTP/1.1" 200 258081
INFO 2026-07-26 08:34:31,217 log 111014 137262046463680 "GET /inbox/ HTTP/1.1" 200 257622
INFO 2026-07-26 08:34:31,228 log 111014 137262046463680 "GET /static/SecureMail/css/global.css HTTP/1.1" 200 8810
WARNING 2026-07-26 08:34:32,285 gmail_service 111014 137259999274688 Gmail API error 429. Retrying in 1.0s...
INFO 2026-07-26 08:34:33,087 log 111014 137262046463680 "GET /sync/?auto=1 HTTP/1.1" 200 29
WARNING 2026-07-26 08:34:33,646 gmail_service 111014 137259999274688 Gmail API error 429. Retrying in 2.1s...
WARNING 2026-07-26 08:34:36,085 gmail_service 111014 137259999274688 Gmail API error 429. Retrying in 4.2s...
WARNING 2026-07-26 08:34:40,886 gmail_service 111014 137259999274688 Gmail API error 429. Retrying in 8.3s...
WARNING 2026-07-26 08:34:49,693 gmail_service 111014 137259999274688 Gmail API error 429. Retrying in 16.4s...
ERROR 2026-07-26 08:35:06,578 gmail_service 111014 137259999274688 Failed to fetch Gmail message list: <HttpError 429 when requesting https://gmail.googleapis.com/gmail/v1/users/me/messages?maxResults=500&alt=json returned "User-rate limit exceeded.  Retry after 2026-07-26T08:50:06.300Z". Details: "[{'message': 'User-rate limit exceeded.  Retry after 2026-07-26T08:50:06.300Z', 'domain': 'global', 'reason': 'rateLimitExceeded'}]">
INFO 2026-07-26 08:35:06,626 predictor 111014 137259999274688 Local ML Engine artifacts loaded from /home/lonewolf/Email_Phisher/Email_Phisher/SecureMail/ml/models
INFO 2026-07-26 08:35:06,635 email_pipeline 111014 137259999274688 EmailPipeline initialized successfully.
INFO 2026-07-26 08:35:32,124 predictor 111014 137262046463680 Local ML Engine artifacts loaded from /home/lonewolf/Email_Phisher/Email_Phisher/SecureMail/ml/models
INFO 2026-07-26 08:35:32,137 email_pipeline 111014 137262046463680 EmailPipeline initialized successfully.
INFO 2026-07-26 08:35:32,137 sync_manager 111014 137262046463680 SyncManager initialized with EmailPipeline for singhisking210222
INFO 2026-07-26 08:35:32,144 log 111014 137262046463680 "GET /sync/ HTTP/1.1" 302 0
INFO 2026-07-26 08:35:32,193 log 111014 137262046463680 "GET /inbox/ HTTP/1.1" 200 258092
INFO 2026-07-26 08:35:32,241 log 111014 137262046463680 "GET /inbox/ HTTP/1.1" 200 257633
INFO 2026-07-26 08:35:32,254 log 111014 137262046463680 "GET /static/SecureMail/css/global.css HTTP/1.1" 200 9762
WARNING 2026-07-26 08:35:33,418 gmail_service 111014 137259999274688 Gmail API error 429. Retrying in 1.0s...
INFO 2026-07-26 08:35:34,087 log 111014 137262046463680 "GET /sync/?auto=1 HTTP/1.1" 200 29
WARNING 2026-07-26 08:35:35,021 gmail_service 111014 137259999274688 Gmail API error 429. Retrying in 2.1s...
WARNING 2026-07-26 08:35:37,550 gmail_service 111014 137259999274688 Gmail API error 429. Retrying in 4.2s...
WARNING 2026-07-26 08:35:42,250 gmail_service 111014 137259999274688 Gmail API error 429. Retrying in 8.3s...
WARNING 2026-07-26 08:35:51,110 gmail_service 111014 137259999274688 Gmail API error 429. Retrying in 16.4s...
ERROR 2026-07-26 08:36:07,946 gmail_service 111014 137259999274688 Failed to fetch Gmail message list: <HttpError 429 when requesting https://gmail.googleapis.com/gmail/v1/users/me/messages?maxResults=500&alt=json returned "User-rate limit exceeded.  Retry after 2026-07-26T08:51:07.694Z". Details: "[{'message': 'User-rate limit exceeded.  Retry after 2026-07-26T08:51:07.694Z', 'domain': 'global', 'reason': 'rateLimitExceeded'}]">
INFO 2026-07-26 08:36:07,988 predictor 111014 137259999274688 Local ML Engine artifacts loaded from /home/lonewolf/Email_Phisher/Email_Phisher/SecureMail/ml/models
INFO 2026-07-26 08:36:07,998 email_pipeline 111014 137259999274688 EmailPipeline initialized successfully.
INFO 2026-07-26 08:36:33,141 predictor 111014 137262046463680 Local ML Engine artifacts loaded from /home/lonewolf/Email_Phisher/Email_Phisher/SecureMail/ml/models
INFO 2026-07-26 08:36:33,153 email_pipeline 111014 137262046463680 EmailPipeline initialized successfully.
INFO 2026-07-26 08:36:33,154 sync_manager 111014 137262046463680 SyncManager initialized with EmailPipeline for singhisking210222
INFO 2026-07-26 08:36:33,161 log 111014 137262046463680 "GET /sync/ HTTP/1.1" 302 0
INFO 2026-07-26 08:36:33,206 log 111014 137262046463680 "GET /inbox/ HTTP/1.1" 200 258092
INFO 2026-07-26 08:36:33,249 log 111014 137262046463680 "GET /inbox/ HTTP/1.1" 200 257633
INFO 2026-07-26 08:36:33,264 log 111014 137262046463680 "GET /static/SecureMail/css/global.css HTTP/1.1" 304 0
WARNING 2026-07-26 08:36:34,557 gmail_service 111014 137259999274688 Gmail API error 429. Retrying in 1.0s...
INFO 2026-07-26 08:36:35,082 log 111014 137262046463680 "GET /sync/?auto=1 HTTP/1.1" 200 29
WARNING 2026-07-26 08:36:35,942 gmail_service 111014 137259999274688 Gmail API error 429. Retrying in 2.1s...
WARNING 2026-07-26 08:36:38,424 gmail_service 111014 137259999274688 Gmail API error 429. Retrying in 4.2s...
WARNING 2026-07-26 08:36:43,063 gmail_service 111014 137259999274688 Gmail API error 429. Retrying in 8.3s...
WARNING 2026-07-26 08:36:51,734 gmail_service 111014 137259999274688 Gmail API error 429. Retrying in 16.4s...
ERROR 2026-07-26 08:37:08,571 gmail_service 111014 137259999274688 Failed to fetch Gmail message list: <HttpError 429 when requesting https://gmail.googleapis.com/gmail/v1/users/me/messages?maxResults=500&alt=json returned "User-rate limit exceeded.  Retry after 2026-07-26T08:52:08.331Z". Details: "[{'message': 'User-rate limit exceeded.  Retry after 2026-07-26T08:52:08.331Z', 'domain': 'global', 'reason': 'rateLimitExceeded'}]">
INFO 2026-07-26 08:37:08,643 predictor 111014 137259999274688 Local ML Engine artifacts loaded from /home/lonewolf/Email_Phisher/Email_Phisher/SecureMail/ml/models
INFO 2026-07-26 08:37:08,652 email_pipeline 111014 137259999274688 EmailPipeline initialized successfully.
INFO 2026-07-26 08:37:34,120 predictor 111014 137262046463680 Local ML Engine artifacts loaded from /home/lonewolf/Email_Phisher/Email_Phisher/SecureMail/ml/models
INFO 2026-07-26 08:37:34,129 email_pipeline 111014 137262046463680 EmailPipeline initialized successfully.
INFO 2026-07-26 08:37:34,129 sync_manager 111014 137262046463680 SyncManager initialized with EmailPipeline for singhisking210222
INFO 2026-07-26 08:37:34,135 log 111014 137262046463680 "GET /sync/ HTTP/1.1" 302 0
INFO 2026-07-26 08:37:34,173 log 111014 137262046463680 "GET /inbox/ HTTP/1.1" 200 258213
INFO 2026-07-26 08:37:34,217 log 111014 137262046463680 "GET /inbox/ HTTP/1.1" 200 257754
INFO 2026-07-26 08:37:34,229 log 111014 137262046463680 "GET /static/SecureMail/css/global.css HTTP/1.1" 200 10118
WARNING 2026-07-26 08:37:35,479 gmail_service 111014 137259999274688 Gmail API error 429. Retrying in 1.0s...
INFO 2026-07-26 08:37:36,082 log 111014 137262046463680 "GET /sync/?auto=1 HTTP/1.1" 200 29
WARNING 2026-07-26 08:37:36,885 gmail_service 111014 137259999274688 Gmail API error 429. Retrying in 2.1s...
WARNING 2026-07-26 08:37:39,575 gmail_service 111014 137259999274688 Gmail API error 429. Retrying in 4.2s...
INFO 2026-07-26 08:37:39,920 log 111014 137262046463680 "GET /inbox/ HTTP/1.1" 200 257754
INFO 2026-07-26 08:37:39,938 log 111014 137262046463680 "GET /static/SecureMail/css/global.css HTTP/1.1" 200 10118
INFO 2026-07-26 08:37:39,938 log 111014 137260175455936 "GET /static/SecureMail/css/responsive.css HTTP/1.1" 200 454
INFO 2026-07-26 08:37:39,940 log 111014 137260007667392 "GET /static/SecureMail/js/app.js HTTP/1.1" 200 2695
INFO 2026-07-26 08:37:43,897 log 111014 137262046463680 "GET /static/SecureMail/assets/icons/favicon.ico HTTP/1.1" 200 4286
WARNING 2026-07-26 08:37:44,130 gmail_service 111014 137259999274688 Gmail API error 429. Retrying in 8.3s...
INFO 2026-07-26 08:37:44,889 log 111014 137262046463680 "GET /sync/?auto=1 HTTP/1.1" 200 29
INFO 2026-07-26 08:37:46,109 log 111014 137262046463680 "GET /compose/ HTTP/1.1" 200 47717
INFO 2026-07-26 08:37:46,129 log 111014 137262046463680 "GET /static/SecureMail/css/global.css HTTP/1.1" 304 0
INFO 2026-07-26 08:37:47,297 log 111014 137262046463680 "GET /sync/?auto=1 HTTP/1.1" 200 29
INFO 2026-07-26 08:37:47,845 log 111014 137262046463680 "GET /compose/ HTTP/1.1" 200 47717
INFO 2026-07-26 08:37:48,979 log 111014 137262046463680 "GET /sync/?auto=1 HTTP/1.1" 200 29
WARNING 2026-07-26 08:37:52,898 gmail_service 111014 137259999274688 Gmail API error 429. Retrying in 16.4s...
INFO 2026-07-26 08:37:57,521 log 111014 137262046463680 "GET /static/SecureMail/css/global.css HTTP/1.1" 304 0
WARNING 2026-07-26 08:37:57,542 log 111014 137262046463680 Not Found: /.well-known/appspecific/com.chrome.devtools.json
WARNING 2026-07-26 08:37:57,542 log 111014 137262046463680 "GET /.well-known/appspecific/com.chrome.devtools.json HTTP/1.1" 404 10875
ERROR 2026-07-26 08:38:09,886 gmail_service 111014 137259999274688 Failed to fetch Gmail message list: <HttpError 429 when requesting https://gmail.googleapis.com/gmail/v1/users/me/messages?maxResults=500&alt=json returned "User-rate limit exceeded.  Retry after 2026-07-26T08:53:09.516Z". Details: "[{'message': 'User-rate limit exceeded.  Retry after 2026-07-26T08:53:09.516Z', 'domain': 'global', 'reason': 'rateLimitExceeded'}]">
INFO 2026-07-26 08:38:09,941 predictor 111014 137259999274688 Local ML Engine artifacts loaded from /home/lonewolf/Email_Phisher/Email_Phisher/SecureMail/ml/models
INFO 2026-07-26 08:38:09,950 email_pipeline 111014 137259999274688 EmailPipeline initialized successfully.
INFO 2026-07-26 08:42:37,167 log 111014 137262046463680 "GET /compose/ HTTP/1.1" 200 47721
INFO 2026-07-26 08:42:37,195 log 111014 137262046463680 "GET /static/SecureMail/css/global.css HTTP/1.1" 200 10118
INFO 2026-07-26 08:42:37,195 log 111014 137260175455936 "GET /static/SecureMail/js/app.js HTTP/1.1" 200 2695
INFO 2026-07-26 08:42:37,196 log 111014 137260007667392 "GET /static/SecureMail/css/responsive.css HTTP/1.1" 200 454
WARNING 2026-07-26 08:42:37,247 log 111014 137262046463680 Not Found: /.well-known/appspecific/com.chrome.devtools.json
WARNING 2026-07-26 08:42:37,247 log 111014 137262046463680 "GET /.well-known/appspecific/com.chrome.devtools.json HTTP/1.1" 404 10875
INFO 2026-07-26 08:42:39,472 log 111014 137262046463680 "GET /static/SecureMail/assets/icons/favicon.ico HTTP/1.1" 200 4286
INFO 2026-07-26 08:42:40,506 predictor 111014 137262046463680 Local ML Engine artifacts loaded from /home/lonewolf/Email_Phisher/Email_Phisher/SecureMail/ml/models
INFO 2026-07-26 08:42:40,519 email_pipeline 111014 137262046463680 EmailPipeline initialized successfully.
INFO 2026-07-26 08:42:40,519 sync_manager 111014 137262046463680 SyncManager initialized with EmailPipeline for singhisking210222
INFO 2026-07-26 08:42:40,526 log 111014 137262046463680 "GET /sync/?auto=1 HTTP/1.1" 200 21
WARNING 2026-07-26 08:42:41,963 gmail_service 111014 137260120905408 Gmail API error 429. Retrying in 1.0s...
WARNING 2026-07-26 08:42:43,499 gmail_service 111014 137260120905408 Gmail API error 429. Retrying in 2.1s...
WARNING 2026-07-26 08:42:46,162 gmail_service 111014 137260120905408 Gmail API error 429. Retrying in 4.2s...
WARNING 2026-07-26 08:42:50,773 gmail_service 111014 137260120905408 Gmail API error 429. Retrying in 8.3s...
INFO 2026-07-26 08:42:53,235 log 111014 137262046463680 "GET /inbox/ HTTP/1.1" 200 257758
INFO 2026-07-26 08:42:54,469 log 111014 137262046463680 "GET /sync/?auto=1 HTTP/1.1" 200 29
WARNING 2026-07-26 08:42:59,576 gmail_service 111014 137260120905408 Gmail API error 429. Retrying in 16.4s...
ERROR 2026-07-26 08:43:16,781 gmail_service 111014 137260120905408 Failed to fetch Gmail message list: <HttpError 429 when requesting https://gmail.googleapis.com/gmail/v1/users/me/messages?maxResults=500&alt=json returned "User-rate limit exceeded.  Retry after 2026-07-26T08:58:16.185Z". Details: "[{'message': 'User-rate limit exceeded.  Retry after 2026-07-26T08:58:16.185Z', 'domain': 'global', 'reason': 'rateLimitExceeded'}]">
INFO 2026-07-26 08:43:16,821 predictor 111014 137260120905408 Local ML Engine artifacts loaded from /home/lonewolf/Email_Phisher/Email_Phisher/SecureMail/ml/models
INFO 2026-07-26 08:43:16,829 email_pipeline 111014 137260120905408 EmailPipeline initialized successfully.
INFO 2026-07-26 08:43:54,123 predictor 111014 137262046463680 Local ML Engine artifacts loaded from /home/lonewolf/Email_Phisher/Email_Phisher/SecureMail/ml/models
INFO 2026-07-26 08:43:54,132 email_pipeline 111014 137262046463680 EmailPipeline initialized successfully.
INFO 2026-07-26 08:43:54,132 sync_manager 111014 137262046463680 SyncManager initialized with EmailPipeline for singhisking210222
INFO 2026-07-26 08:43:54,139 log 111014 137262046463680 "GET /sync/ HTTP/1.1" 302 0
INFO 2026-07-26 08:43:54,179 log 111014 137262046463680 "GET /inbox/ HTTP/1.1" 200 258217
INFO 2026-07-26 08:43:54,220 log 111014 137262046463680 "GET /inbox/ HTTP/1.1" 200 257758
INFO 2026-07-26 08:43:54,239 log 111014 137262046463680 "GET /static/SecureMail/css/global.css HTTP/1.1" 304 0
WARNING 2026-07-26 08:43:55,341 gmail_service 111014 137260175455936 Gmail API error 429. Retrying in 1.0s...
INFO 2026-07-26 08:43:56,082 log 111014 137262046463680 "GET /sync/?auto=1 HTTP/1.1" 200 29
WARNING 2026-07-26 08:43:56,716 gmail_service 111014 137260175455936 Gmail API error 429. Retrying in 2.1s...
WARNING 2026-07-26 08:43:59,496 gmail_service 111014 137260175455936 Gmail API error 429. Retrying in 4.2s...
WARNING 2026-07-26 08:44:04,191 gmail_service 111014 137260175455936 Gmail API error 429. Retrying in 8.3s...
WARNING 2026-07-26 08:44:12,895 gmail_service 111014 137260175455936 Gmail API error 429. Retrying in 16.4s...
ERROR 2026-07-26 08:44:29,666 gmail_service 111014 137260175455936 Failed to fetch Gmail message list: <HttpError 429 when requesting https://gmail.googleapis.com/gmail/v1/users/me/messages?maxResults=500&alt=json returned "User-rate limit exceeded.  Retry after 2026-07-26T08:59:29.508Z". Details: "[{'message': 'User-rate limit exceeded.  Retry after 2026-07-26T08:59:29.508Z', 'domain': 'global', 'reason': 'rateLimitExceeded'}]">
INFO 2026-07-26 08:44:29,703 predictor 111014 137260175455936 Local ML Engine artifacts loaded from /home/lonewolf/Email_Phisher/Email_Phisher/SecureMail/ml/models
INFO 2026-07-26 08:44:29,712 email_pipeline 111014 137260175455936 EmailPipeline initialized successfully.
INFO 2026-07-26 08:44:55,117 predictor 111014 137262046463680 Local ML Engine artifacts loaded from /home/lonewolf/Email_Phisher/Email_Phisher/SecureMail/ml/models
INFO 2026-07-26 08:44:55,129 email_pipeline 111014 137262046463680 EmailPipeline initialized successfully.
INFO 2026-07-26 08:44:55,129 sync_manager 111014 137262046463680 SyncManager initialized with EmailPipeline for singhisking210222
INFO 2026-07-26 08:44:55,136 log 111014 137262046463680 "GET /sync/ HTTP/1.1" 302 0
INFO 2026-07-26 08:44:55,179 log 111014 137262046463680 "GET /inbox/ HTTP/1.1" 200 258217
INFO 2026-07-26 08:44:55,219 log 111014 137262046463680 "GET /inbox/ HTTP/1.1" 200 257758
INFO 2026-07-26 08:44:55,235 log 111014 137262046463680 "GET /static/SecureMail/css/global.css HTTP/1.1" 304 0
WARNING 2026-07-26 08:44:56,313 gmail_service 111014 137260175455936 Gmail API error 429. Retrying in 1.0s...
INFO 2026-07-26 08:44:57,082 log 111014 137262046463680 "GET /sync/?auto=1 HTTP/1.1" 200 29
WARNING 2026-07-26 08:44:57,757 gmail_service 111014 137260175455936 Gmail API error 429. Retrying in 2.1s...
WARNING 2026-07-26 08:45:00,282 gmail_service 111014 137260175455936 Gmail API error 429. Retrying in 4.2s...
WARNING 2026-07-26 08:45:04,914 gmail_service 111014 137260175455936 Gmail API error 429. Retrying in 8.3s...
WARNING 2026-07-26 08:45:13,573 gmail_service 111014 137260175455936 Gmail API error 429. Retrying in 16.4s...
ERROR 2026-07-26 08:45:30,412 gmail_service 111014 137260175455936 Failed to fetch Gmail message list: <HttpError 429 when requesting https://gmail.googleapis.com/gmail/v1/users/me/messages?maxResults=500&alt=json returned "User-rate limit exceeded.  Retry after 2026-07-26T09:00:30.182Z". Details: "[{'message': 'User-rate limit exceeded.  Retry after 2026-07-26T09:00:30.182Z', 'domain': 'global', 'reason': 'rateLimitExceeded'}]">
INFO 2026-07-26 08:45:30,458 predictor 111014 137260175455936 Local ML Engine artifacts loaded from /home/lonewolf/Email_Phisher/Email_Phisher/SecureMail/ml/models
INFO 2026-07-26 08:45:30,467 email_pipeline 111014 137260175455936 EmailPipeline initialized successfully.
INFO 2026-07-26 08:45:56,107 predictor 111014 137262046463680 Local ML Engine artifacts loaded from /home/lonewolf/Email_Phisher/Email_Phisher/SecureMail/ml/models
INFO 2026-07-26 08:45:56,119 email_pipeline 111014 137262046463680 EmailPipeline initialized successfully.
INFO 2026-07-26 08:45:56,119 sync_manager 111014 137262046463680 SyncManager initialized with EmailPipeline for singhisking210222
INFO 2026-07-26 08:45:56,126 log 111014 137262046463680 "GET /sync/ HTTP/1.1" 302 0
INFO 2026-07-26 08:45:56,161 log 111014 137262046463680 "GET /inbox/ HTTP/1.1" 200 258217
INFO 2026-07-26 08:45:56,200 log 111014 137262046463680 "GET /inbox/ HTTP/1.1" 200 257758
INFO 2026-07-26 08:45:56,214 log 111014 137262046463680 "GET /static/SecureMail/css/global.css HTTP/1.1" 304 0
WARNING 2026-07-26 08:45:57,139 gmail_service 111014 137260175455936 Gmail API error 429. Retrying in 1.0s...
INFO 2026-07-26 08:45:58,087 log 111014 137262046463680 "GET /sync/?auto=1 HTTP/1.1" 200 29
WARNING 2026-07-26 08:45:58,677 gmail_service 111014 137260175455936 Gmail API error 429. Retrying in 2.1s...
WARNING 2026-07-26 08:46:01,235 gmail_service 111014 137260175455936 Gmail API error 429. Retrying in 4.2s...
WARNING 2026-07-26 08:46:05,843 gmail_service 111014 137260175455936 Gmail API error 429. Retrying in 8.3s...
WARNING 2026-07-26 08:46:14,583 gmail_service 111014 137260175455936 Gmail API error 429. Retrying in 16.4s...
ERROR 2026-07-26 08:46:31,546 gmail_service 111014 137260175455936 Failed to fetch Gmail message list: <HttpError 429 when requesting https://gmail.googleapis.com/gmail/v1/users/me/messages?maxResults=500&alt=json returned "User-rate limit exceeded.  Retry after 2026-07-26T09:01:31.187Z". Details: "[{'message': 'User-rate limit exceeded.  Retry after 2026-07-26T09:01:31.187Z', 'domain': 'global', 'reason': 'rateLimitExceeded'}]">
INFO 2026-07-26 08:46:31,599 predictor 111014 137260175455936 Local ML Engine artifacts loaded from /home/lonewolf/Email_Phisher/Email_Phisher/SecureMail/ml/models
INFO 2026-07-26 08:46:31,608 email_pipeline 111014 137260175455936 EmailPipeline initialized successfully.
INFO 2026-07-26 08:46:57,122 predictor 111014 137262046463680 Local ML Engine artifacts loaded from /home/lonewolf/Email_Phisher/Email_Phisher/SecureMail/ml/models
INFO 2026-07-26 08:46:57,131 email_pipeline 111014 137262046463680 EmailPipeline initialized successfully.
INFO 2026-07-26 08:46:57,131 sync_manager 111014 137262046463680 SyncManager initialized with EmailPipeline for singhisking210222
INFO 2026-07-26 08:46:57,137 log 111014 137262046463680 "GET /sync/ HTTP/1.1" 302 0
INFO 2026-07-26 08:46:57,173 log 111014 137262046463680 "GET /inbox/ HTTP/1.1" 200 258217
INFO 2026-07-26 08:46:57,232 log 111014 137262046463680 "GET /inbox/ HTTP/1.1" 200 257758
INFO 2026-07-26 08:46:57,246 log 111014 137262046463680 "GET /static/SecureMail/css/global.css HTTP/1.1" 304 0
WARNING 2026-07-26 08:46:58,476 gmail_service 111014 137260016060096 Gmail API error 429. Retrying in 1.0s...
INFO 2026-07-26 08:46:59,087 log 111014 137262046463680 "GET /sync/?auto=1 HTTP/1.1" 200 29
WARNING 2026-07-26 08:46:59,911 gmail_service 111014 137260016060096 Gmail API error 429. Retrying in 2.1s...
WARNING 2026-07-26 08:47:02,425 gmail_service 111014 137260016060096 Gmail API error 429. Retrying in 4.2s...
WARNING 2026-07-26 08:47:07,078 gmail_service 111014 137260016060096 Gmail API error 429. Retrying in 8.3s...
WARNING 2026-07-26 08:47:15,884 gmail_service 111014 137260016060096 Gmail API error 429. Retrying in 16.4s...
ERROR 2026-07-26 08:47:33,103 gmail_service 111014 137260016060096 Failed to fetch Gmail message list: <HttpError 429 when requesting https://gmail.googleapis.com/gmail/v1/users/me/messages?maxResults=500&alt=json returned "User-rate limit exceeded.  Retry after 2026-07-26T09:02:32.497Z". Details: "[{'message': 'User-rate limit exceeded.  Retry after 2026-07-26T09:02:32.497Z', 'domain': 'global', 'reason': 'rateLimitExceeded'}]">
INFO 2026-07-26 08:47:33,161 predictor 111014 137260016060096 Local ML Engine artifacts loaded from /home/lonewolf/Email_Phisher/Email_Phisher/SecureMail/ml/models
INFO 2026-07-26 08:47:33,170 email_pipeline 111014 137260016060096 EmailPipeline initialized successfully.
INFO 2026-07-26 08:47:41,143 log 111014 137262046463680 "GET /inbox/ HTTP/1.1" 200 257758
INFO 2026-07-26 08:47:41,163 log 111014 137262046463680 "GET /static/SecureMail/css/global.css HTTP/1.1" 200 10426
INFO 2026-07-26 08:47:41,163 log 111014 137260016060096 "GET /static/SecureMail/css/responsive.css HTTP/1.1" 200 454
INFO 2026-07-26 08:47:41,165 log 111014 137260016060096 "GET /static/SecureMail/js/app.js HTTP/1.1" 200 2695
INFO 2026-07-26 08:47:42,500 log 111014 137262046463680 "GET /static/SecureMail/assets/icons/favicon.ico HTTP/1.1" 200 4286
INFO 2026-07-26 08:47:43,523 predictor 111014 137262046463680 Local ML Engine artifacts loaded from /home/lonewolf/Email_Phisher/Email_Phisher/SecureMail/ml/models
INFO 2026-07-26 08:47:43,536 email_pipeline 111014 137262046463680 EmailPipeline initialized successfully.
INFO 2026-07-26 08:47:43,536 sync_manager 111014 137262046463680 SyncManager initialized with EmailPipeline for singhisking210222
INFO 2026-07-26 08:47:43,542 log 111014 137262046463680 "GET /sync/?auto=1 HTTP/1.1" 200 21
WARNING 2026-07-26 08:47:44,863 gmail_service 111014 137260137690816 Gmail API error 429. Retrying in 1.0s...
WARNING 2026-07-26 08:47:46,297 gmail_service 111014 137260137690816 Gmail API error 429. Retrying in 2.1s...
WARNING 2026-07-26 08:47:48,960 gmail_service 111014 137260137690816 Gmail API error 429. Retrying in 4.2s...
WARNING 2026-07-26 08:47:53,670 gmail_service 111014 137260137690816 Gmail API error 429. Retrying in 8.3s...
WARNING 2026-07-26 08:48:02,476 gmail_service 111014 137260137690816 Gmail API error 429. Retrying in 16.4s...
ERROR 2026-07-26 08:48:19,475 gmail_service 111014 137260137690816 Failed to fetch Gmail message list: <HttpError 429 when requesting https://gmail.googleapis.com/gmail/v1/users/me/messages?maxResults=500&alt=json returned "User-rate limit exceeded.  Retry after 2026-07-26T09:03:19.109Z". Details: "[{'message': 'User-rate limit exceeded.  Retry after 2026-07-26T09:03:19.109Z', 'domain': 'global', 'reason': 'rateLimitExceeded'}]">
INFO 2026-07-26 08:48:19,531 predictor 111014 137260137690816 Local ML Engine artifacts loaded from /home/lonewolf/Email_Phisher/Email_Phisher/SecureMail/ml/models
INFO 2026-07-26 08:48:19,539 email_pipeline 111014 137260137690816 EmailPipeline initialized successfully.
INFO 2026-07-26 08:48:43,113 predictor 111014 137262046463680 Local ML Engine artifacts loaded from /home/lonewolf/Email_Phisher/Email_Phisher/SecureMail/ml/models
INFO 2026-07-26 08:48:43,122 email_pipeline 111014 137262046463680 EmailPipeline initialized successfully.
INFO 2026-07-26 08:48:43,122 sync_manager 111014 137262046463680 SyncManager initialized with EmailPipeline for singhisking210222
INFO 2026-07-26 08:48:43,128 log 111014 137262046463680 "GET /sync/ HTTP/1.1" 302 0
INFO 2026-07-26 08:48:43,166 log 111014 137262046463680 "GET /inbox/ HTTP/1.1" 200 258217
INFO 2026-07-26 08:48:43,209 log 111014 137262046463680 "GET /inbox/ HTTP/1.1" 200 257758
INFO 2026-07-26 08:48:43,226 log 111014 137262046463680 "GET /static/SecureMail/css/global.css HTTP/1.1" 304 0
WARNING 2026-07-26 08:48:44,524 gmail_service 111014 137260137690816 Gmail API error 429. Retrying in 1.0s...
INFO 2026-07-26 08:48:45,109 log 111014 137262046463680 "GET /sync/?auto=1 HTTP/1.1" 200 29
WARNING 2026-07-26 08:48:47,022 gmail_service 111014 137260137690816 Gmail API error 429. Retrying in 2.1s...
WARNING 2026-07-26 08:48:49,505 gmail_service 111014 137260137690816 Gmail API error 429. Retrying in 4.2s...
WARNING 2026-07-26 08:48:54,190 gmail_service 111014 137260137690816 Gmail API error 429. Retrying in 8.3s...
WARNING 2026-07-26 08:49:02,844 gmail_service 111014 137260137690816 Gmail API error 429. Retrying in 16.4s...
ERROR 2026-07-26 08:49:19,789 gmail_service 111014 137260137690816 Failed to fetch Gmail message list: <HttpError 429 when requesting https://gmail.googleapis.com/gmail/v1/users/me/messages?maxResults=500&alt=json returned "User-rate limit exceeded.  Retry after 2026-07-26T09:04:19.439Z". Details: "[{'message': 'User-rate limit exceeded.  Retry after 2026-07-26T09:04:19.439Z', 'domain': 'global', 'reason': 'rateLimitExceeded'}]">
INFO 2026-07-26 08:49:19,827 predictor 111014 137260137690816 Local ML Engine artifacts loaded from /home/lonewolf/Email_Phisher/Email_Phisher/SecureMail/ml/models
INFO 2026-07-26 08:49:19,836 email_pipeline 111014 137260137690816 EmailPipeline initialized successfully.
INFO 2026-07-26 08:49:44,121 predictor 111014 137262046463680 Local ML Engine artifacts loaded from /home/lonewolf/Email_Phisher/Email_Phisher/SecureMail/ml/models
INFO 2026-07-26 08:49:44,137 email_pipeline 111014 137262046463680 EmailPipeline initialized successfully.
INFO 2026-07-26 08:49:44,137 sync_manager 111014 137262046463680 SyncManager initialized with EmailPipeline for singhisking210222
INFO 2026-07-26 08:49:44,144 log 111014 137262046463680 "GET /sync/ HTTP/1.1" 302 0
INFO 2026-07-26 08:49:44,181 log 111014 137262046463680 "GET /inbox/ HTTP/1.1" 200 258217
INFO 2026-07-26 08:49:44,223 log 111014 137262046463680 "GET /inbox/ HTTP/1.1" 200 257758
INFO 2026-07-26 08:49:44,236 log 111014 137262046463680 "GET /static/SecureMail/css/global.css HTTP/1.1" 304 0
WARNING 2026-07-26 08:49:45,389 gmail_service 111014 137260137690816 Gmail API error 429. Retrying in 1.0s...
INFO 2026-07-26 08:49:46,090 log 111014 137262046463680 "GET /sync/?auto=1 HTTP/1.1" 200 29
WARNING 2026-07-26 08:49:46,822 gmail_service 111014 137260137690816 Gmail API error 429. Retrying in 2.1s...
WARNING 2026-07-26 08:49:49,273 gmail_service 111014 137260137690816 Gmail API error 429. Retrying in 4.2s...
WARNING 2026-07-26 08:49:53,892 gmail_service 111014 137260137690816 Gmail API error 429. Retrying in 8.3s...
WARNING 2026-07-26 08:50:02,615 gmail_service 111014 137260137690816 Gmail API error 429. Retrying in 16.4s...
ERROR 2026-07-26 08:50:19,411 gmail_service 111014 137260137690816 Failed to fetch Gmail message list: <HttpError 429 when requesting https://gmail.googleapis.com/gmail/v1/users/me/messages?maxResults=500&alt=json returned "User-rate limit exceeded.  Retry after 2026-07-26T09:05:19.252Z". Details: "[{'message': 'User-rate limit exceeded.  Retry after 2026-07-26T09:05:19.252Z', 'domain': 'global', 'reason': 'rateLimitExceeded'}]">
INFO 2026-07-26 08:50:19,458 predictor 111014 137260137690816 Local ML Engine artifacts loaded from /home/lonewolf/Email_Phisher/Email_Phisher/SecureMail/ml/models
INFO 2026-07-26 08:50:19,467 email_pipeline 111014 137260137690816 EmailPipeline initialized successfully.
INFO 2026-07-26 08:50:45,116 predictor 111014 137262046463680 Local ML Engine artifacts loaded from /home/lonewolf/Email_Phisher/Email_Phisher/SecureMail/ml/models
INFO 2026-07-26 08:50:45,128 email_pipeline 111014 137262046463680 EmailPipeline initialized successfully.
INFO 2026-07-26 08:50:45,128 sync_manager 111014 137262046463680 SyncManager initialized with EmailPipeline for singhisking210222
INFO 2026-07-26 08:50:45,134 log 111014 137262046463680 "GET /sync/ HTTP/1.1" 302 0
INFO 2026-07-26 08:50:45,170 log 111014 137262046463680 "GET /inbox/ HTTP/1.1" 200 258217
INFO 2026-07-26 08:50:45,207 log 111014 137262046463680 "GET /inbox/ HTTP/1.1" 200 257758
INFO 2026-07-26 08:50:45,221 log 111014 137262046463680 "GET /static/SecureMail/css/global.css HTTP/1.1" 304 0
WARNING 2026-07-26 08:50:46,521 gmail_service 111014 137260137690816 Gmail API error 429. Retrying in 1.0s...
INFO 2026-07-26 08:50:47,086 log 111014 137262046463680 "GET /sync/?auto=1 HTTP/1.1" 200 29
WARNING 2026-07-26 08:50:47,981 gmail_service 111014 137260137690816 Gmail API error 429. Retrying in 2.1s...
WARNING 2026-07-26 08:50:50,609 gmail_service 111014 137260137690816 Gmail API error 429. Retrying in 4.2s...
WARNING 2026-07-26 08:50:55,226 gmail_service 111014 137260137690816 Gmail API error 429. Retrying in 8.3s...
WARNING 2026-07-26 08:51:03,930 gmail_service 111014 137260137690816 Gmail API error 429. Retrying in 16.4s...
ERROR 2026-07-26 08:51:20,826 gmail_service 111014 137260137690816 Failed to fetch Gmail message list: <HttpError 429 when requesting https://gmail.googleapis.com/gmail/v1/users/me/messages?maxResults=500&alt=json returned "User-rate limit exceeded.  Retry after 2026-07-26T09:06:20.567Z". Details: "[{'message': 'User-rate limit exceeded.  Retry after 2026-07-26T09:06:20.567Z', 'domain': 'global', 'reason': 'rateLimitExceeded'}]">
INFO 2026-07-26 08:51:20,867 predictor 111014 137260137690816 Local ML Engine artifacts loaded from /home/lonewolf/Email_Phisher/Email_Phisher/SecureMail/ml/models
INFO 2026-07-26 08:51:20,877 email_pipeline 111014 137260137690816 EmailPipeline initialized successfully.
INFO 2026-07-26 08:51:46,113 predictor 111014 137262046463680 Local ML Engine artifacts loaded from /home/lonewolf/Email_Phisher/Email_Phisher/SecureMail/ml/models
INFO 2026-07-26 08:51:46,123 email_pipeline 111014 137262046463680 EmailPipeline initialized successfully.
INFO 2026-07-26 08:51:46,123 sync_manager 111014 137262046463680 SyncManager initialized with EmailPipeline for singhisking210222
INFO 2026-07-26 08:51:46,148 log 111014 137262046463680 "GET /sync/ HTTP/1.1" 302 0
INFO 2026-07-26 08:51:46,184 log 111014 137262046463680 "GET /inbox/ HTTP/1.1" 200 258217
INFO 2026-07-26 08:51:46,224 log 111014 137262046463680 "GET /inbox/ HTTP/1.1" 200 257758
INFO 2026-07-26 08:51:46,237 log 111014 137262046463680 "GET /static/SecureMail/css/global.css HTTP/1.1" 200 11366
WARNING 2026-07-26 08:51:47,151 gmail_service 111014 137260137690816 Gmail API error 429. Retrying in 1.0s...
INFO 2026-07-26 08:51:48,089 log 111014 137262046463680 "GET /sync/?auto=1 HTTP/1.1" 200 29
WARNING 2026-07-26 08:51:48,524 gmail_service 111014 137260137690816 Gmail API error 429. Retrying in 2.1s...
WARNING 2026-07-26 08:51:51,090 gmail_service 111014 137260137690816 Gmail API error 429. Retrying in 4.2s...
WARNING 2026-07-26 08:51:55,746 gmail_service 111014 137260137690816 Gmail API error 429. Retrying in 8.3s...
WARNING 2026-07-26 08:52:04,552 gmail_service 111014 137260137690816 Gmail API error 429. Retrying in 16.4s...
ERROR 2026-07-26 08:52:21,448 gmail_service 111014 137260137690816 Failed to fetch Gmail message list: <HttpError 429 when requesting https://gmail.googleapis.com/gmail/v1/users/me/messages?maxResults=500&alt=json returned "User-rate limit exceeded.  Retry after 2026-07-26T09:07:21.160Z". Details: "[{'message': 'User-rate limit exceeded.  Retry after 2026-07-26T09:07:21.160Z', 'domain': 'global', 'reason': 'rateLimitExceeded'}]">
INFO 2026-07-26 08:52:21,504 predictor 111014 137260137690816 Local ML Engine artifacts loaded from /home/lonewolf/Email_Phisher/Email_Phisher/SecureMail/ml/models
INFO 2026-07-26 08:52:21,512 email_pipeline 111014 137260137690816 EmailPipeline initialized successfully.
INFO 2026-07-26 08:52:47,113 predictor 111014 137262046463680 Local ML Engine artifacts loaded from /home/lonewolf/Email_Phisher/Email_Phisher/SecureMail/ml/models
INFO 2026-07-26 08:52:47,121 email_pipeline 111014 137262046463680 EmailPipeline initialized successfully.
INFO 2026-07-26 08:52:47,121 sync_manager 111014 137262046463680 SyncManager initialized with EmailPipeline for singhisking210222
INFO 2026-07-26 08:52:47,145 log 111014 137262046463680 "GET /sync/ HTTP/1.1" 302 0
INFO 2026-07-26 08:52:47,181 log 111014 137262046463680 "GET /inbox/ HTTP/1.1" 200 258217
INFO 2026-07-26 08:52:47,219 log 111014 137262046463680 "GET /inbox/ HTTP/1.1" 200 257758
INFO 2026-07-26 08:52:47,233 log 111014 137262046463680 "GET /static/SecureMail/css/global.css HTTP/1.1" 304 0
WARNING 2026-07-26 08:52:48,789 gmail_service 111014 137260016060096 Gmail API error 429. Retrying in 1.0s...
INFO 2026-07-26 08:52:49,088 log 111014 137262046463680 "GET /sync/?auto=1 HTTP/1.1" 200 29
WARNING 2026-07-26 08:52:50,308 gmail_service 111014 137260016060096 Gmail API error 429. Retrying in 2.1s...
WARNING 2026-07-26 08:52:52,884 gmail_service 111014 137260016060096 Gmail API error 429. Retrying in 4.2s...
WARNING 2026-07-26 08:52:57,598 gmail_service 111014 137260016060096 Gmail API error 429. Retrying in 8.3s...
WARNING 2026-07-26 08:53:06,314 gmail_service 111014 137260016060096 Gmail API error 429. Retrying in 16.4s...
ERROR 2026-07-26 08:53:23,093 gmail_service 111014 137260016060096 Failed to fetch Gmail message list: <HttpError 429 when requesting https://gmail.googleapis.com/gmail/v1/users/me/messages?maxResults=500&alt=json returned "User-rate limit exceeded.  Retry after 2026-07-26T09:08:22.902Z". Details: "[{'message': 'User-rate limit exceeded.  Retry after 2026-07-26T09:08:22.902Z', 'domain': 'global', 'reason': 'rateLimitExceeded'}]">
INFO 2026-07-26 08:53:23,139 predictor 111014 137260016060096 Local ML Engine artifacts loaded from /home/lonewolf/Email_Phisher/Email_Phisher/SecureMail/ml/models
INFO 2026-07-26 08:53:23,147 email_pipeline 111014 137260016060096 EmailPipeline initialized successfully.
INFO 2026-07-26 08:53:48,128 predictor 111014 137262046463680 Local ML Engine artifacts loaded from /home/lonewolf/Email_Phisher/Email_Phisher/SecureMail/ml/models
INFO 2026-07-26 08:53:48,139 email_pipeline 111014 137262046463680 EmailPipeline initialized successfully.
INFO 2026-07-26 08:53:48,139 sync_manager 111014 137262046463680 SyncManager initialized with EmailPipeline for singhisking210222
INFO 2026-07-26 08:53:48,144 log 111014 137262046463680 "GET /sync/ HTTP/1.1" 302 0
INFO 2026-07-26 08:53:48,179 log 111014 137262046463680 "GET /inbox/ HTTP/1.1" 200 258217
INFO 2026-07-26 08:53:48,221 log 111014 137262046463680 "GET /inbox/ HTTP/1.1" 200 257758
INFO 2026-07-26 08:53:48,235 log 111014 137262046463680 "GET /static/SecureMail/css/global.css HTTP/1.1" 304 0
WARNING 2026-07-26 08:53:49,621 gmail_service 111014 137260016060096 Gmail API error 429. Retrying in 1.0s...
INFO 2026-07-26 08:53:50,090 log 111014 137262046463680 "GET /sync/?auto=1 HTTP/1.1" 200 29
WARNING 2026-07-26 08:53:51,079 gmail_service 111014 137260016060096 Gmail API error 429. Retrying in 2.1s...
WARNING 2026-07-26 08:53:53,813 gmail_service 111014 137260016060096 Gmail API error 429. Retrying in 4.2s...
WARNING 2026-07-26 08:53:58,542 gmail_service 111014 137260016060096 Gmail API error 429. Retrying in 8.3s...
WARNING 2026-07-26 08:54:07,433 gmail_service 111014 137260016060096 Gmail API error 429. Retrying in 16.4s...
ERROR 2026-07-26 08:54:24,430 gmail_service 111014 137260016060096 Failed to fetch Gmail message list: <HttpError 429 when requesting https://gmail.googleapis.com/gmail/v1/users/me/messages?maxResults=500&alt=json returned "User-rate limit exceeded.  Retry after 2026-07-26T09:09:24.106Z". Details: "[{'message': 'User-rate limit exceeded.  Retry after 2026-07-26T09:09:24.106Z', 'domain': 'global', 'reason': 'rateLimitExceeded'}]">
INFO 2026-07-26 08:54:24,481 predictor 111014 137260016060096 Local ML Engine artifacts loaded from /home/lonewolf/Email_Phisher/Email_Phisher/SecureMail/ml/models
INFO 2026-07-26 08:54:24,489 email_pipeline 111014 137260016060096 EmailPipeline initialized successfully.
INFO 2026-07-26 08:54:49,126 predictor 111014 137262046463680 Local ML Engine artifacts loaded from /home/lonewolf/Email_Phisher/Email_Phisher/SecureMail/ml/models
INFO 2026-07-26 08:54:49,135 email_pipeline 111014 137262046463680 EmailPipeline initialized successfully.
INFO 2026-07-26 08:54:49,135 sync_manager 111014 137262046463680 SyncManager initialized with EmailPipeline for singhisking210222
INFO 2026-07-26 08:54:49,142 log 111014 137262046463680 "GET /sync/ HTTP/1.1" 302 0
INFO 2026-07-26 08:54:49,260 log 111014 137262046463680 "GET /inbox/ HTTP/1.1" 200 258217
INFO 2026-07-26 08:54:49,300 log 111014 137262046463680 "GET /inbox/ HTTP/1.1" 200 257758
INFO 2026-07-26 08:54:49,312 log 111014 137262046463680 "GET /static/SecureMail/css/global.css HTTP/1.1" 304 0
WARNING 2026-07-26 08:54:50,464 gmail_service 111014 137260016060096 Gmail API error 429. Retrying in 1.0s...
INFO 2026-07-26 08:54:51,111 log 111014 137262046463680 "GET /sync/?auto=1 HTTP/1.1" 200 29
WARNING 2026-07-26 08:54:51,916 gmail_service 111014 137260016060096 Gmail API error 429. Retrying in 2.1s...
WARNING 2026-07-26 08:54:54,419 gmail_service 111014 137260016060096 Gmail API error 429. Retrying in 4.2s...
WARNING 2026-07-26 08:54:59,042 gmail_service 111014 137260016060096 Gmail API error 429. Retrying in 8.3s...
WARNING 2026-07-26 08:55:07,958 gmail_service 111014 137260016060096 Gmail API error 429. Retrying in 16.4s...
ERROR 2026-07-26 08:55:24,950 gmail_service 111014 137260016060096 Failed to fetch Gmail message list: <HttpError 429 when requesting https://gmail.googleapis.com/gmail/v1/users/me/messages?maxResults=500&alt=json returned "User-rate limit exceeded.  Retry after 2026-07-26T09:10:24.553Z". Details: "[{'message': 'User-rate limit exceeded.  Retry after 2026-07-26T09:10:24.553Z', 'domain': 'global', 'reason': 'rateLimitExceeded'}]">
INFO 2026-07-26 08:55:25,017 predictor 111014 137260016060096 Local ML Engine artifacts loaded from /home/lonewolf/Email_Phisher/Email_Phisher/SecureMail/ml/models
INFO 2026-07-26 08:55:25,024 email_pipeline 111014 137260016060096 EmailPipeline initialized successfully.
INFO 2026-07-26 08:55:50,113 predictor 111014 137262046463680 Local ML Engine artifacts loaded from /home/lonewolf/Email_Phisher/Email_Phisher/SecureMail/ml/models
INFO 2026-07-26 08:55:50,123 email_pipeline 111014 137262046463680 EmailPipeline initialized successfully.
INFO 2026-07-26 08:55:50,123 sync_manager 111014 137262046463680 SyncManager initialized with EmailPipeline for singhisking210222
INFO 2026-07-26 08:55:50,127 log 111014 137262046463680 "GET /sync/ HTTP/1.1" 302 0
INFO 2026-07-26 08:55:50,163 log 111014 137262046463680 "GET /inbox/ HTTP/1.1" 200 258217
INFO 2026-07-26 08:55:50,198 log 111014 137262046463680 "GET /inbox/ HTTP/1.1" 200 257758
INFO 2026-07-26 08:55:50,211 log 111014 137262046463680 "GET /static/SecureMail/css/global.css HTTP/1.1" 304 0
WARNING 2026-07-26 08:55:52,049 gmail_service 111014 137260016060096 Gmail API error 429. Retrying in 1.0s...
INFO 2026-07-26 08:55:52,087 log 111014 137262046463680 "GET /sync/?auto=1 HTTP/1.1" 200 29
WARNING 2026-07-26 08:55:53,416 gmail_service 111014 137260016060096 Gmail API error 429. Retrying in 2.1s...
WARNING 2026-07-26 08:55:55,903 gmail_service 111014 137260016060096 Gmail API error 429. Retrying in 4.2s...
WARNING 2026-07-26 08:56:00,483 gmail_service 111014 137260016060096 Gmail API error 429. Retrying in 8.3s...
WARNING 2026-07-26 08:56:09,596 gmail_service 111014 137260016060096 Gmail API error 429. Retrying in 16.4s...
ERROR 2026-07-26 08:56:26,390 gmail_service 111014 137260016060096 Failed to fetch Gmail message list: <HttpError 429 when requesting https://gmail.googleapis.com/gmail/v1/users/me/messages?maxResults=500&alt=json returned "User-rate limit exceeded.  Retry after 2026-07-26T09:11:26.209Z". Details: "[{'message': 'User-rate limit exceeded.  Retry after 2026-07-26T09:11:26.209Z', 'domain': 'global', 'reason': 'rateLimitExceeded'}]">
INFO 2026-07-26 08:56:26,424 predictor 111014 137260016060096 Local ML Engine artifacts loaded from /home/lonewolf/Email_Phisher/Email_Phisher/SecureMail/ml/models
INFO 2026-07-26 08:56:26,431 email_pipeline 111014 137260016060096 EmailPipeline initialized successfully.
INFO 2026-07-26 08:56:30,504 log 111014 137262046463680 "GET /inbox/ HTTP/1.1" 200 257758
INFO 2026-07-26 08:56:30,528 log 111014 137262046463680 "GET /static/SecureMail/css/global.css HTTP/1.1" 200 11366
INFO 2026-07-26 08:56:30,529 log 111014 137260016060096 "GET /static/SecureMail/css/responsive.css HTTP/1.1" 200 454
INFO 2026-07-26 08:56:30,529 log 111014 137259865056960 "GET /static/SecureMail/js/app.js HTTP/1.1" 200 2695
INFO 2026-07-26 08:56:31,889 log 111014 137262046463680 "GET /static/SecureMail/assets/icons/favicon.ico HTTP/1.1" 200 4286
INFO 2026-07-26 08:56:32,904 predictor 111014 137262046463680 Local ML Engine artifacts loaded from /home/lonewolf/Email_Phisher/Email_Phisher/SecureMail/ml/models
INFO 2026-07-26 08:56:32,912 email_pipeline 111014 137262046463680 EmailPipeline initialized successfully.
INFO 2026-07-26 08:56:32,912 sync_manager 111014 137262046463680 SyncManager initialized with EmailPipeline for singhisking210222
INFO 2026-07-26 08:56:32,917 log 111014 137262046463680 "GET /sync/?auto=1 HTTP/1.1" 200 21
WARNING 2026-07-26 08:56:34,282 gmail_service 111014 137259999274688 Gmail API error 429. Retrying in 1.0s...
WARNING 2026-07-26 08:56:35,708 gmail_service 111014 137259999274688 Gmail API error 429. Retrying in 2.1s...
WARNING 2026-07-26 08:56:38,267 gmail_service 111014 137259999274688 Gmail API error 429. Retrying in 4.2s...
INFO 2026-07-26 08:56:40,347 predictor 111014 137262046463680 Local ML Engine artifacts loaded from /home/lonewolf/Email_Phisher/Email_Phisher/SecureMail/ml/models
INFO 2026-07-26 08:56:40,363 email_pipeline 111014 137262046463680 EmailPipeline initialized successfully.
INFO 2026-07-26 08:56:40,383 log 111014 137262046463680 "GET /email/13982/ HTTP/1.1" 200 64011
INFO 2026-07-26 08:56:41,578 log 111014 137262046463680 "GET /sync/?auto=1 HTTP/1.1" 200 29
WARNING 2026-07-26 08:56:42,878 gmail_service 111014 137259999274688 Gmail API error 429. Retrying in 8.3s...
INFO 2026-07-26 08:56:43,793 log 111014 137262046463680 "GET /inbox/ HTTP/1.1" 200 257758
INFO 2026-07-26 08:56:44,992 log 111014 137262046463680 "GET /sync/?auto=1 HTTP/1.1" 200 29
INFO 2026-07-26 08:56:46,014 predictor 111014 137262046463680 Local ML Engine artifacts loaded from /home/lonewolf/Email_Phisher/Email_Phisher/SecureMail/ml/models
INFO 2026-07-26 08:56:46,026 email_pipeline 111014 137262046463680 EmailPipeline initialized successfully.
INFO 2026-07-26 08:56:46,041 log 111014 137262046463680 "GET /email/13982/ HTTP/1.1" 200 64011
INFO 2026-07-26 08:56:47,174 log 111014 137262046463680 "GET /sync/?auto=1 HTTP/1.1" 200 29
WARNING 2026-07-26 08:56:51,683 gmail_service 111014 137259999274688 Gmail API error 429. Retrying in 16.4s...
ERROR 2026-07-26 08:57:08,579 gmail_service 111014 137259999274688 Failed to fetch Gmail message list: <HttpError 429 when requesting https://gmail.googleapis.com/gmail/v1/users/me/messages?maxResults=500&alt=json returned "User-rate limit exceeded.  Retry after 2026-07-26T09:12:08.293Z". Details: "[{'message': 'User-rate limit exceeded.  Retry after 2026-07-26T09:12:08.293Z', 'domain': 'global', 'reason': 'rateLimitExceeded'}]">
INFO 2026-07-26 08:57:08,629 predictor 111014 137259999274688 Local ML Engine artifacts loaded from /home/lonewolf/Email_Phisher/Email_Phisher/SecureMail/ml/models
INFO 2026-07-26 08:57:08,638 email_pipeline 111014 137259999274688 EmailPipeline initialized successfully.
INFO 2026-07-26 08:57:59,688 log 111014 137262046463680 "GET /inbox/ HTTP/1.1" 200 257758
INFO 2026-07-26 08:57:59,709 log 111014 137262046463680 "GET /static/SecureMail/css/global.css HTTP/1.1" 304 0
INFO 2026-07-26 08:58:00,961 predictor 111014 137262046463680 Local ML Engine artifacts loaded from /home/lonewolf/Email_Phisher/Email_Phisher/SecureMail/ml/models
INFO 2026-07-26 08:58:00,973 email_pipeline 111014 137262046463680 EmailPipeline initialized successfully.
INFO 2026-07-26 08:58:00,973 sync_manager 111014 137262046463680 SyncManager initialized with EmailPipeline for singhisking210222
INFO 2026-07-26 08:58:00,979 log 111014 137262046463680 "GET /sync/?auto=1 HTTP/1.1" 200 21
WARNING 2026-07-26 08:58:02,236 gmail_service 111014 137259999274688 Gmail API error 429. Retrying in 1.0s...
WARNING 2026-07-26 08:58:03,670 gmail_service 111014 137259999274688 Gmail API error 429. Retrying in 2.1s...
WARNING 2026-07-26 08:58:06,229 gmail_service 111014 137259999274688 Gmail API error 429. Retrying in 4.2s...
WARNING 2026-07-26 08:58:10,787 gmail_service 111014 137259999274688 Gmail API error 429. Retrying in 8.3s...
WARNING 2026-07-26 08:58:19,542 gmail_service 111014 137259999274688 Gmail API error 429. Retrying in 16.4s...
ERROR 2026-07-26 08:58:36,336 gmail_service 111014 137259999274688 Failed to fetch Gmail message list: <HttpError 429 when requesting https://gmail.googleapis.com/gmail/v1/users/me/messages?maxResults=500&alt=json returned "User-rate limit exceeded.  Retry after 2026-07-26T09:13:36.133Z". Details: "[{'message': 'User-rate limit exceeded.  Retry after 2026-07-26T09:13:36.133Z', 'domain': 'global', 'reason': 'rateLimitExceeded'}]">
INFO 2026-07-26 08:58:36,385 predictor 111014 137259999274688 Local ML Engine artifacts loaded from /home/lonewolf/Email_Phisher/Email_Phisher/SecureMail/ml/models
INFO 2026-07-26 08:58:36,394 email_pipeline 111014 137259999274688 EmailPipeline initialized successfully.
INFO 2026-07-26 08:59:00,118 predictor 111014 137262046463680 Local ML Engine artifacts loaded from /home/lonewolf/Email_Phisher/Email_Phisher/SecureMail/ml/models
INFO 2026-07-26 08:59:00,130 email_pipeline 111014 137262046463680 EmailPipeline initialized successfully.
INFO 2026-07-26 08:59:00,130 sync_manager 111014 137262046463680 SyncManager initialized with EmailPipeline for singhisking210222
INFO 2026-07-26 08:59:00,136 log 111014 137262046463680 "GET /sync/ HTTP/1.1" 302 0
INFO 2026-07-26 08:59:00,171 log 111014 137262046463680 "GET /inbox/ HTTP/1.1" 200 258217
INFO 2026-07-26 08:59:00,212 log 111014 137262046463680 "GET /inbox/ HTTP/1.1" 200 257758
INFO 2026-07-26 08:59:00,226 log 111014 137262046463680 "GET /static/SecureMail/css/global.css HTTP/1.1" 304 0
WARNING 2026-07-26 08:59:01,276 gmail_service 111014 137260024452800 Gmail API error 429. Retrying in 1.0s...
INFO 2026-07-26 08:59:02,088 log 111014 137262046463680 "GET /sync/?auto=1 HTTP/1.1" 200 29
WARNING 2026-07-26 08:59:02,755 gmail_service 111014 137260024452800 Gmail API error 429. Retrying in 2.1s...
WARNING 2026-07-26 08:59:05,315 gmail_service 111014 137260024452800 Gmail API error 429. Retrying in 4.2s...
WARNING 2026-07-26 08:59:09,924 gmail_service 111014 137260024452800 Gmail API error 429. Retrying in 8.3s...
WARNING 2026-07-26 08:59:18,627 gmail_service 111014 137260024452800 Gmail API error 429. Retrying in 16.4s...
ERROR 2026-07-26 08:59:35,626 gmail_service 111014 137260024452800 Failed to fetch Gmail message list: <HttpError 429 when requesting https://gmail.googleapis.com/gmail/v1/users/me/messages?maxResults=500&alt=json returned "User-rate limit exceeded.  Retry after 2026-07-26T09:14:35.221Z". Details: "[{'message': 'User-rate limit exceeded.  Retry after 2026-07-26T09:14:35.221Z', 'domain': 'global', 'reason': 'rateLimitExceeded'}]">
INFO 2026-07-26 08:59:35,677 predictor 111014 137260024452800 Local ML Engine artifacts loaded from /home/lonewolf/Email_Phisher/Email_Phisher/SecureMail/ml/models
INFO 2026-07-26 08:59:35,685 email_pipeline 111014 137260024452800 EmailPipeline initialized successfully.
INFO 2026-07-26 09:00:01,118 predictor 111014 137262046463680 Local ML Engine artifacts loaded from /home/lonewolf/Email_Phisher/Email_Phisher/SecureMail/ml/models
INFO 2026-07-26 09:00:01,131 email_pipeline 111014 137262046463680 EmailPipeline initialized successfully.
INFO 2026-07-26 09:00:01,132 sync_manager 111014 137262046463680 SyncManager initialized with EmailPipeline for singhisking210222
INFO 2026-07-26 09:00:01,139 log 111014 137262046463680 "GET /sync/ HTTP/1.1" 302 0
INFO 2026-07-26 09:00:01,172 log 111014 137262046463680 "GET /inbox/ HTTP/1.1" 200 258217
INFO 2026-07-26 09:00:01,211 log 111014 137262046463680 "GET /inbox/ HTTP/1.1" 200 257758
INFO 2026-07-26 09:00:01,227 log 111014 137262046463680 "GET /static/SecureMail/css/global.css HTTP/1.1" 304 0
WARNING 2026-07-26 09:00:02,455 gmail_service 111014 137260024452800 Gmail API error 429. Retrying in 1.0s...
INFO 2026-07-26 09:00:03,090 log 111014 137262046463680 "GET /sync/?auto=1 HTTP/1.1" 200 29
WARNING 2026-07-26 09:00:04,102 gmail_service 111014 137260024452800 Gmail API error 429. Retrying in 2.1s...
WARNING 2026-07-26 09:00:06,542 gmail_service 111014 137260024452800 Gmail API error 429. Retrying in 4.2s...
WARNING 2026-07-26 09:00:11,466 gmail_service 111014 137260024452800 Gmail API error 429. Retrying in 8.3s...
WARNING 2026-07-26 09:00:20,169 gmail_service 111014 137260024452800 Gmail API error 429. Retrying in 16.4s...
ERROR 2026-07-26 09:00:37,066 gmail_service 111014 137260024452800 Failed to fetch Gmail message list: <HttpError 429 when requesting https://gmail.googleapis.com/gmail/v1/users/me/messages?maxResults=500&alt=json returned "User-rate limit exceeded.  Retry after 2026-07-26T09:15:36.768Z". Details: "[{'message': 'User-rate limit exceeded.  Retry after 2026-07-26T09:15:36.768Z', 'domain': 'global', 'reason': 'rateLimitExceeded'}]">
INFO 2026-07-26 09:00:37,109 predictor 111014 137260024452800 Local ML Engine artifacts loaded from /home/lonewolf/Email_Phisher/Email_Phisher/SecureMail/ml/models
INFO 2026-07-26 09:00:37,118 email_pipeline 111014 137260024452800 EmailPipeline initialized successfully.
INFO 2026-07-26 09:01:02,112 predictor 111014 137262046463680 Local ML Engine artifacts loaded from /home/lonewolf/Email_Phisher/Email_Phisher/SecureMail/ml/models
INFO 2026-07-26 09:01:02,120 email_pipeline 111014 137262046463680 EmailPipeline initialized successfully.
INFO 2026-07-26 09:01:02,120 sync_manager 111014 137262046463680 SyncManager initialized with EmailPipeline for singhisking210222
INFO 2026-07-26 09:01:02,126 log 111014 137262046463680 "GET /sync/ HTTP/1.1" 302 0
INFO 2026-07-26 09:01:02,161 log 111014 137262046463680 "GET /inbox/ HTTP/1.1" 200 258217
INFO 2026-07-26 09:01:02,206 log 111014 137262046463680 "GET /inbox/ HTTP/1.1" 200 257758
INFO 2026-07-26 09:01:02,224 log 111014 137262046463680 "GET /static/SecureMail/css/global.css HTTP/1.1" 304 0
WARNING 2026-07-26 09:01:03,317 gmail_service 111014 137260024452800 Gmail API error 429. Retrying in 1.0s...
INFO 2026-07-26 09:01:04,087 log 111014 137262046463680 "GET /sync/?auto=1 HTTP/1.1" 200 29
WARNING 2026-07-26 09:01:04,714 gmail_service 111014 137260024452800 Gmail API error 429. Retrying in 2.1s...
WARNING 2026-07-26 09:01:07,274 gmail_service 111014 137260024452800 Gmail API error 429. Retrying in 4.2s...
WARNING 2026-07-26 09:01:11,857 gmail_service 111014 137260024452800 Gmail API error 429. Retrying in 8.3s...
WARNING 2026-07-26 09:01:20,586 gmail_service 111014 137260024452800 Gmail API error 429. Retrying in 16.4s...
ERROR 2026-07-26 09:01:37,380 gmail_service 111014 137260024452800 Failed to fetch Gmail message list: <HttpError 429 when requesting https://gmail.googleapis.com/gmail/v1/users/me/messages?maxResults=500&alt=json returned "User-rate limit exceeded.  Retry after 2026-07-26T09:16:37.176Z". Details: "[{'message': 'User-rate limit exceeded.  Retry after 2026-07-26T09:16:37.176Z', 'domain': 'global', 'reason': 'rateLimitExceeded'}]">
INFO 2026-07-26 09:01:37,429 predictor 111014 137260024452800 Local ML Engine artifacts loaded from /home/lonewolf/Email_Phisher/Email_Phisher/SecureMail/ml/models
INFO 2026-07-26 09:01:37,437 email_pipeline 111014 137260024452800 EmailPipeline initialized successfully.
INFO 2026-07-26 09:02:03,115 predictor 111014 137262046463680 Local ML Engine artifacts loaded from /home/lonewolf/Email_Phisher/Email_Phisher/SecureMail/ml/models
INFO 2026-07-26 09:02:03,123 email_pipeline 111014 137262046463680 EmailPipeline initialized successfully.
INFO 2026-07-26 09:02:03,123 sync_manager 111014 137262046463680 SyncManager initialized with EmailPipeline for singhisking210222
INFO 2026-07-26 09:02:03,129 log 111014 137262046463680 "GET /sync/ HTTP/1.1" 302 0
INFO 2026-07-26 09:02:03,161 log 111014 137262046463680 "GET /inbox/ HTTP/1.1" 200 258217
INFO 2026-07-26 09:02:03,203 log 111014 137262046463680 "GET /inbox/ HTTP/1.1" 200 257758
INFO 2026-07-26 09:02:03,221 log 111014 137262046463680 "GET /static/SecureMail/css/global.css HTTP/1.1" 304 0
WARNING 2026-07-26 09:02:04,311 gmail_service 111014 137259865056960 Gmail API error 429. Retrying in 1.0s...
INFO 2026-07-26 09:02:05,082 log 111014 137262046463680 "GET /sync/?auto=1 HTTP/1.1" 200 29
WARNING 2026-07-26 09:02:05,846 gmail_service 111014 137259865056960 Gmail API error 429. Retrying in 2.1s...
WARNING 2026-07-26 09:02:08,509 gmail_service 111014 137259865056960 Gmail API error 429. Retrying in 4.2s...
WARNING 2026-07-26 09:02:13,117 gmail_service 111014 137259865056960 Gmail API error 429. Retrying in 8.3s...
WARNING 2026-07-26 09:02:21,821 gmail_service 111014 137259865056960 Gmail API error 429. Retrying in 16.4s...
ERROR 2026-07-26 09:02:38,717 gmail_service 111014 137259865056960 Failed to fetch Gmail message list: <HttpError 429 when requesting https://gmail.googleapis.com/gmail/v1/users/me/messages?maxResults=500&alt=json returned "User-rate limit exceeded.  Retry after 2026-07-26T09:17:38.459Z". Details: "[{'message': 'User-rate limit exceeded.  Retry after 2026-07-26T09:17:38.459Z', 'domain': 'global', 'reason': 'rateLimitExceeded'}]">
INFO 2026-07-26 09:02:38,756 predictor 111014 137259865056960 Local ML Engine artifacts loaded from /home/lonewolf/Email_Phisher/Email_Phisher/SecureMail/ml/models
INFO 2026-07-26 09:02:38,764 email_pipeline 111014 137259865056960 EmailPipeline initialized successfully.
INFO 2026-07-26 09:03:04,109 predictor 111014 137262046463680 Local ML Engine artifacts loaded from /home/lonewolf/Email_Phisher/Email_Phisher/SecureMail/ml/models
INFO 2026-07-26 09:03:04,122 email_pipeline 111014 137262046463680 EmailPipeline initialized successfully.
INFO 2026-07-26 09:03:04,122 sync_manager 111014 137262046463680 SyncManager initialized with EmailPipeline for singhisking210222
INFO 2026-07-26 09:03:04,128 log 111014 137262046463680 "GET /sync/ HTTP/1.1" 302 0
INFO 2026-07-26 09:03:04,168 log 111014 137262046463680 "GET /inbox/ HTTP/1.1" 200 258217
INFO 2026-07-26 09:03:04,222 log 111014 137262046463680 "GET /inbox/ HTTP/1.1" 200 257758
WARNING 2026-07-26 09:03:05,667 gmail_service 111014 137259865056960 Gmail API error 429. Retrying in 1.0s...
INFO 2026-07-26 09:03:06,088 log 111014 137262046463680 "GET /sync/?auto=1 HTTP/1.1" 200 29
WARNING 2026-07-26 09:03:07,131 gmail_service 111014 137259865056960 Gmail API error 429. Retrying in 2.1s...
WARNING 2026-07-26 09:03:09,643 gmail_service 111014 137259865056960 Gmail API error 429. Retrying in 4.2s...
WARNING 2026-07-26 09:03:14,250 gmail_service 111014 137259865056960 Gmail API error 429. Retrying in 8.3s...
WARNING 2026-07-26 09:03:22,965 gmail_service 111014 137259865056960 Gmail API error 429. Retrying in 16.4s...
ERROR 2026-07-26 09:03:39,739 gmail_service 111014 137259865056960 Failed to fetch Gmail message list: <HttpError 429 when requesting https://gmail.googleapis.com/gmail/v1/users/me/messages?maxResults=500&alt=json returned "User-rate limit exceeded.  Retry after 2026-07-26T09:18:39.586Z". Details: "[{'message': 'User-rate limit exceeded.  Retry after 2026-07-26T09:18:39.586Z', 'domain': 'global', 'reason': 'rateLimitExceeded'}]">
INFO 2026-07-26 09:03:39,786 predictor 111014 137259865056960 Local ML Engine artifacts loaded from /home/lonewolf/Email_Phisher/Email_Phisher/SecureMail/ml/models
INFO 2026-07-26 09:03:39,795 email_pipeline 111014 137259865056960 EmailPipeline initialized successfully.
INFO 2026-07-26 09:04:05,110 predictor 111014 137262046463680 Local ML Engine artifacts loaded from /home/lonewolf/Email_Phisher/Email_Phisher/SecureMail/ml/models
INFO 2026-07-26 09:04:05,120 email_pipeline 111014 137262046463680 EmailPipeline initialized successfully.
INFO 2026-07-26 09:04:05,120 sync_manager 111014 137262046463680 SyncManager initialized with EmailPipeline for singhisking210222
INFO 2026-07-26 09:04:05,127 log 111014 137262046463680 "GET /sync/ HTTP/1.1" 302 0
INFO 2026-07-26 09:04:05,161 log 111014 137262046463680 "GET /inbox/ HTTP/1.1" 200 258217
INFO 2026-07-26 09:04:05,231 log 111014 137262046463680 "GET /inbox/ HTTP/1.1" 200 257758
INFO 2026-07-26 09:04:05,246 log 111014 137262046463680 "GET /static/SecureMail/css/global.css HTTP/1.1" 304 0
WARNING 2026-07-26 09:04:06,782 gmail_service 111014 137259865056960 Gmail API error 429. Retrying in 1.0s...
INFO 2026-07-26 09:04:07,087 log 111014 137262046463680 "GET /sync/?auto=1 HTTP/1.1" 200 29
WARNING 2026-07-26 09:04:08,217 gmail_service 111014 137259865056960 Gmail API error 429. Retrying in 2.1s...
WARNING 2026-07-26 09:04:10,674 gmail_service 111014 137259865056960 Gmail API error 429. Retrying in 4.2s...
WARNING 2026-07-26 09:04:15,302 gmail_service 111014 137259865056960 Gmail API error 429. Retrying in 8.3s...
WARNING 2026-07-26 09:04:24,087 gmail_service 111014 137259865056960 Gmail API error 429. Retrying in 16.4s...
ERROR 2026-07-26 09:04:40,882 gmail_service 111014 137259865056960 Failed to fetch Gmail message list: <HttpError 429 when requesting https://gmail.googleapis.com/gmail/v1/users/me/messages?maxResults=500&alt=json returned "User-rate limit exceeded.  Retry after 2026-07-26T09:19:40.684Z". Details: "[{'message': 'User-rate limit exceeded.  Retry after 2026-07-26T09:19:40.684Z', 'domain': 'global', 'reason': 'rateLimitExceeded'}]">
INFO 2026-07-26 09:04:40,931 predictor 111014 137259865056960 Local ML Engine artifacts loaded from /home/lonewolf/Email_Phisher/Email_Phisher/SecureMail/ml/models
INFO 2026-07-26 09:04:40,939 email_pipeline 111014 137259865056960 EmailPipeline initialized successfully.
INFO 2026-07-26 09:05:06,125 predictor 111014 137262046463680 Local ML Engine artifacts loaded from /home/lonewolf/Email_Phisher/Email_Phisher/SecureMail/ml/models
INFO 2026-07-26 09:05:06,142 email_pipeline 111014 137262046463680 EmailPipeline initialized successfully.
INFO 2026-07-26 09:05:06,142 sync_manager 111014 137262046463680 SyncManager initialized with EmailPipeline for singhisking210222
INFO 2026-07-26 09:05:06,149 log 111014 137262046463680 "GET /sync/ HTTP/1.1" 302 0
INFO 2026-07-26 09:05:06,188 log 111014 137262046463680 "GET /inbox/ HTTP/1.1" 200 258217
INFO 2026-07-26 09:05:06,229 log 111014 137262046463680 "GET /inbox/ HTTP/1.1" 200 257758
WARNING 2026-07-26 09:05:07,505 gmail_service 111014 137260024452800 Gmail API error 429. Retrying in 1.0s...
INFO 2026-07-26 09:05:08,088 log 111014 137262046463680 "GET /sync/?auto=1 HTTP/1.1" 200 29
WARNING 2026-07-26 09:05:08,939 gmail_service 111014 137260024452800 Gmail API error 429. Retrying in 2.1s...
WARNING 2026-07-26 09:05:11,499 gmail_service 111014 137260024452800 Gmail API error 429. Retrying in 4.2s...
WARNING 2026-07-26 09:05:16,210 gmail_service 111014 137260024452800 Gmail API error 429. Retrying in 8.3s...
WARNING 2026-07-26 09:05:24,960 gmail_service 111014 137260024452800 Gmail API error 429. Retrying in 16.4s...
ERROR 2026-07-26 09:05:41,720 gmail_service 111014 137260024452800 Failed to fetch Gmail message list: <HttpError 429 when requesting https://gmail.googleapis.com/gmail/v1/users/me/messages?maxResults=500&alt=json returned "User-rate limit exceeded.  Retry after 2026-07-26T09:20:41.561Z". Details: "[{'message': 'User-rate limit exceeded.  Retry after 2026-07-26T09:20:41.561Z', 'domain': 'global', 'reason': 'rateLimitExceeded'}]">
INFO 2026-07-26 09:05:41,768 predictor 111014 137260024452800 Local ML Engine artifacts loaded from /home/lonewolf/Email_Phisher/Email_Phisher/SecureMail/ml/models
INFO 2026-07-26 09:05:41,776 email_pipeline 111014 137260024452800 EmailPipeline initialized successfully.
INFO 2026-07-26 09:06:07,112 predictor 111014 137262046463680 Local ML Engine artifacts loaded from /home/lonewolf/Email_Phisher/Email_Phisher/SecureMail/ml/models
INFO 2026-07-26 09:06:07,120 email_pipeline 111014 137262046463680 EmailPipeline initialized successfully.
INFO 2026-07-26 09:06:07,120 sync_manager 111014 137262046463680 SyncManager initialized with EmailPipeline for singhisking210222
INFO 2026-07-26 09:06:07,127 log 111014 137262046463680 "GET /sync/ HTTP/1.1" 302 0
INFO 2026-07-26 09:06:07,166 log 111014 137262046463680 "GET /inbox/ HTTP/1.1" 200 258217
INFO 2026-07-26 09:06:07,207 log 111014 137262046463680 "GET /inbox/ HTTP/1.1" 200 257758
INFO 2026-07-26 09:06:07,219 log 111014 137262046463680 "GET /static/SecureMail/css/global.css HTTP/1.1" 304 0
WARNING 2026-07-26 09:06:08,639 gmail_service 111014 137260024452800 Gmail API error 429. Retrying in 1.0s...
INFO 2026-07-26 09:06:09,090 log 111014 137262046463680 "GET /sync/?auto=1 HTTP/1.1" 200 29
WARNING 2026-07-26 09:06:10,021 gmail_service 111014 137260024452800 Gmail API error 429. Retrying in 2.1s...
WARNING 2026-07-26 09:06:12,549 gmail_service 111014 137260024452800 Gmail API error 429. Retrying in 4.2s...
WARNING 2026-07-26 09:06:17,342 gmail_service 111014 137260024452800 Gmail API error 429. Retrying in 8.3s...
WARNING 2026-07-26 09:06:26,252 gmail_service 111014 137260024452800 Gmail API error 429. Retrying in 16.4s...
ERROR 2026-07-26 09:06:43,045 gmail_service 111014 137260024452800 Failed to fetch Gmail message list: <HttpError 429 when requesting https://gmail.googleapis.com/gmail/v1/users/me/messages?maxResults=500&alt=json returned "User-rate limit exceeded.  Retry after 2026-07-26T09:21:42.869Z". Details: "[{'message': 'User-rate limit exceeded.  Retry after 2026-07-26T09:21:42.869Z', 'domain': 'global', 'reason': 'rateLimitExceeded'}]">
INFO 2026-07-26 09:06:43,095 predictor 111014 137260024452800 Local ML Engine artifacts loaded from /home/lonewolf/Email_Phisher/Email_Phisher/SecureMail/ml/models
INFO 2026-07-26 09:06:43,104 email_pipeline 111014 137260024452800 EmailPipeline initialized successfully.
INFO 2026-07-26 09:07:08,120 predictor 111014 137262046463680 Local ML Engine artifacts loaded from /home/lonewolf/Email_Phisher/Email_Phisher/SecureMail/ml/models
INFO 2026-07-26 09:07:08,131 email_pipeline 111014 137262046463680 EmailPipeline initialized successfully.
INFO 2026-07-26 09:07:08,131 sync_manager 111014 137262046463680 SyncManager initialized with EmailPipeline for singhisking210222
INFO 2026-07-26 09:07:08,157 log 111014 137262046463680 "GET /sync/ HTTP/1.1" 302 0
INFO 2026-07-26 09:07:08,191 log 111014 137262046463680 "GET /inbox/ HTTP/1.1" 200 258217
INFO 2026-07-26 09:07:08,238 log 111014 137262046463680 "GET /inbox/ HTTP/1.1" 200 257758
WARNING 2026-07-26 09:07:09,790 gmail_service 111014 137259898627776 Gmail API error 429. Retrying in 1.0s...
INFO 2026-07-26 09:07:10,090 log 111014 137262046463680 "GET /sync/?auto=1 HTTP/1.1" 200 29
WARNING 2026-07-26 09:07:11,409 gmail_service 111014 137259898627776 Gmail API error 429. Retrying in 2.1s...
WARNING 2026-07-26 09:07:13,970 gmail_service 111014 137259898627776 Gmail API error 429. Retrying in 4.2s...
WARNING 2026-07-26 09:07:18,885 gmail_service 111014 137259898627776 Gmail API error 429. Retrying in 8.3s...
WARNING 2026-07-26 09:07:27,692 gmail_service 111014 137259898627776 Gmail API error 429. Retrying in 16.4s...
ERROR 2026-07-26 09:07:44,525 gmail_service 111014 137259898627776 Failed to fetch Gmail message list: <HttpError 429 when requesting https://gmail.googleapis.com/gmail/v1/users/me/messages?maxResults=500&alt=json returned "User-rate limit exceeded.  Retry after 2026-07-26T09:22:44.319Z". Details: "[{'message': 'User-rate limit exceeded.  Retry after 2026-07-26T09:22:44.319Z', 'domain': 'global', 'reason': 'rateLimitExceeded'}]">
INFO 2026-07-26 09:07:44,577 predictor 111014 137259898627776 Local ML Engine artifacts loaded from /home/lonewolf/Email_Phisher/Email_Phisher/SecureMail/ml/models
INFO 2026-07-26 09:07:44,584 email_pipeline 111014 137259898627776 EmailPipeline initialized successfully.
INFO 2026-07-26 09:08:09,111 predictor 111014 137262046463680 Local ML Engine artifacts loaded from /home/lonewolf/Email_Phisher/Email_Phisher/SecureMail/ml/models
INFO 2026-07-26 09:08:09,121 email_pipeline 111014 137262046463680 EmailPipeline initialized successfully.
INFO 2026-07-26 09:08:09,121 sync_manager 111014 137262046463680 SyncManager initialized with EmailPipeline for singhisking210222
INFO 2026-07-26 09:08:09,126 log 111014 137262046463680 "GET /sync/ HTTP/1.1" 302 0
INFO 2026-07-26 09:08:09,168 log 111014 137262046463680 "GET /inbox/ HTTP/1.1" 200 258217
INFO 2026-07-26 09:08:09,217 log 111014 137262046463680 "GET /inbox/ HTTP/1.1" 200 257758
INFO 2026-07-26 09:08:09,229 log 111014 137262046463680 "GET /static/SecureMail/css/global.css HTTP/1.1" 304 0
WARNING 2026-07-26 09:08:10,370 gmail_service 111014 137259898627776 Gmail API error 429. Retrying in 1.0s...
INFO 2026-07-26 09:08:11,087 log 111014 137262046463680 "GET /sync/?auto=1 HTTP/1.1" 200 29
WARNING 2026-07-26 09:08:11,831 gmail_service 111014 137259898627776 Gmail API error 429. Retrying in 2.1s...
WARNING 2026-07-26 09:08:14,390 gmail_service 111014 137259898627776 Gmail API error 429. Retrying in 4.2s...
WARNING 2026-07-26 09:08:19,097 gmail_service 111014 137259898627776 Gmail API error 429. Retrying in 8.3s...
WARNING 2026-07-26 09:08:27,946 gmail_service 111014 137259898627776 Gmail API error 429. Retrying in 16.4s...
ERROR 2026-07-26 09:08:44,902 gmail_service 111014 137259898627776 Failed to fetch Gmail message list: <HttpError 429 when requesting https://gmail.googleapis.com/gmail/v1/users/me/messages?maxResults=500&alt=json returned "User-rate limit exceeded.  Retry after 2026-07-26T09:23:44.552Z". Details: "[{'message': 'User-rate limit exceeded.  Retry after 2026-07-26T09:23:44.552Z', 'domain': 'global', 'reason': 'rateLimitExceeded'}]">
INFO 2026-07-26 09:08:44,970 predictor 111014 137259898627776 Local ML Engine artifacts loaded from /home/lonewolf/Email_Phisher/Email_Phisher/SecureMail/ml/models
INFO 2026-07-26 09:08:44,978 email_pipeline 111014 137259898627776 EmailPipeline initialized successfully.
INFO 2026-07-26 09:09:10,111 predictor 111014 137262046463680 Local ML Engine artifacts loaded from /home/lonewolf/Email_Phisher/Email_Phisher/SecureMail/ml/models
INFO 2026-07-26 09:09:10,121 email_pipeline 111014 137262046463680 EmailPipeline initialized successfully.
INFO 2026-07-26 09:09:10,121 sync_manager 111014 137262046463680 SyncManager initialized with EmailPipeline for singhisking210222
INFO 2026-07-26 09:09:10,146 log 111014 137262046463680 "GET /sync/ HTTP/1.1" 302 0
INFO 2026-07-26 09:09:10,185 log 111014 137262046463680 "GET /inbox/ HTTP/1.1" 200 258217
INFO 2026-07-26 09:09:10,231 log 111014 137262046463680 "GET /inbox/ HTTP/1.1" 200 257758
WARNING 2026-07-26 09:09:11,424 gmail_service 111014 137260041238208 Gmail API error 429. Retrying in 1.0s...
INFO 2026-07-26 09:09:12,089 log 111014 137262046463680 "GET /sync/?auto=1 HTTP/1.1" 200 29
WARNING 2026-07-26 09:09:12,857 gmail_service 111014 137260041238208 Gmail API error 429. Retrying in 2.1s...
WARNING 2026-07-26 09:09:15,280 gmail_service 111014 137260041238208 Gmail API error 429. Retrying in 4.2s...
WARNING 2026-07-26 09:09:20,025 gmail_service 111014 137260041238208 Gmail API error 429. Retrying in 8.3s...
WARNING 2026-07-26 09:09:28,934 gmail_service 111014 137260041238208 Gmail API error 429. Retrying in 16.4s...
ERROR 2026-07-26 09:09:46,551 gmail_service 111014 137260041238208 Failed to fetch Gmail message list: <HttpError 429 when requesting https://gmail.googleapis.com/gmail/v1/users/me/messages?maxResults=500&alt=json returned "User-rate limit exceeded.  Retry after 2026-07-26T09:24:46.341Z". Details: "[{'message': 'User-rate limit exceeded.  Retry after 2026-07-26T09:24:46.341Z', 'domain': 'global', 'reason': 'rateLimitExceeded'}]">
INFO 2026-07-26 09:09:46,599 predictor 111014 137260041238208 Local ML Engine artifacts loaded from /home/lonewolf/Email_Phisher/Email_Phisher/SecureMail/ml/models
INFO 2026-07-26 09:09:46,607 email_pipeline 111014 137260041238208 EmailPipeline initialized successfully.
INFO 2026-07-26 09:10:10,172 autoreload 111014 137263005450752 /home/lonewolf/Email_Phisher/Email_Phisher/SecureMail/services/gmail_service.py changed, reloading.
INFO 2026-07-26 09:10:10,971 apps 131683 127423143371264 Using Gemini API Key for Analysis
INFO 2026-07-26 09:10:10,971 apps 131683 127423143371264 Using Google OAuth Credentials for Gmail Access
INFO 2026-07-26 09:10:10,975 autoreload 131683 127423143371264 Watching for file changes with StatReloader
INFO 2026-07-26 09:11:13,122 predictor 131683 127422252271296 Local ML Engine artifacts loaded from /home/lonewolf/Email_Phisher/Email_Phisher/SecureMail/ml/models
INFO 2026-07-26 09:11:13,131 email_pipeline 131683 127422252271296 EmailPipeline initialized successfully.
INFO 2026-07-26 09:11:13,131 sync_manager 131683 127422252271296 SyncManager initialized with EmailPipeline for singhisking210222
INFO 2026-07-26 09:11:13,144 log 131683 127422252271296 "GET /sync/ HTTP/1.1" 302 0
INFO 2026-07-26 09:11:13,198 log 131683 127422252271296 "GET /inbox/ HTTP/1.1" 200 258217
INFO 2026-07-26 09:11:13,245 log 131683 127422252271296 "GET /inbox/ HTTP/1.1" 200 257758
INFO 2026-07-26 09:11:13,262 log 131683 127422252271296 "GET /static/SecureMail/css/global.css HTTP/1.1" 304 0
WARNING 2026-07-26 09:11:14,621 gmail_service 131683 127420396955328 Gmail API error 429. Retrying in 1.0s...
INFO 2026-07-26 09:11:15,090 log 131683 127422252271296 "GET /sync/?auto=1 HTTP/1.1" 200 29
WARNING 2026-07-26 09:11:16,146 gmail_service 131683 127420396955328 Gmail API error 429. Retrying in 2.1s...
WARNING 2026-07-26 09:11:18,810 gmail_service 131683 127420396955328 Gmail API error 429. Retrying in 4.2s...
WARNING 2026-07-26 09:11:23,466 gmail_service 131683 127420396955328 Gmail API error 429. Retrying in 8.3s...
WARNING 2026-07-26 09:11:32,224 gmail_service 131683 127420396955328 Gmail API error 429. Retrying in 16.4s...
ERROR 2026-07-26 09:11:48,976 gmail_service 131683 127420396955328 Failed to fetch Gmail message list: <HttpError 429 when requesting https://gmail.googleapis.com/gmail/v1/users/me/messages?maxResults=500&alt=json returned "User-rate limit exceeded.  Retry after 2026-07-26T09:26:48.812Z". Details: "[{'message': 'User-rate limit exceeded.  Retry after 2026-07-26T09:26:48.812Z', 'domain': 'global', 'reason': 'rateLimitExceeded'}]">
INFO 2026-07-26 09:11:49,047 predictor 131683 127420396955328 Local ML Engine artifacts loaded from /home/lonewolf/Email_Phisher/Email_Phisher/SecureMail/ml/models
INFO 2026-07-26 09:11:49,055 email_pipeline 131683 127420396955328 EmailPipeline initialized successfully.
INFO 2026-07-26 09:12:14,111 predictor 131683 127422252271296 Local ML Engine artifacts loaded from /home/lonewolf/Email_Phisher/Email_Phisher/SecureMail/ml/models
INFO 2026-07-26 09:12:14,119 email_pipeline 131683 127422252271296 EmailPipeline initialized successfully.
INFO 2026-07-26 09:12:14,119 sync_manager 131683 127422252271296 SyncManager initialized with EmailPipeline for singhisking210222
INFO 2026-07-26 09:12:14,123 log 131683 127422252271296 "GET /sync/ HTTP/1.1" 302 0
INFO 2026-07-26 09:12:14,165 log 131683 127422252271296 "GET /inbox/ HTTP/1.1" 200 258217
INFO 2026-07-26 09:12:14,209 log 131683 127422252271296 "GET /inbox/ HTTP/1.1" 200 257758
WARNING 2026-07-26 09:12:15,811 gmail_service 131683 127420396955328 Gmail API error 429. Retrying in 1.0s...
INFO 2026-07-26 09:12:16,089 log 131683 127422252271296 "GET /sync/?auto=1 HTTP/1.1" 200 29
WARNING 2026-07-26 09:12:17,166 gmail_service 131683 127420396955328 Gmail API error 429. Retrying in 2.1s...
WARNING 2026-07-26 09:12:19,737 gmail_service 131683 127420396955328 Gmail API error 429. Retrying in 4.2s...
WARNING 2026-07-26 09:12:24,290 gmail_service 131683 127420396955328 Gmail API error 429. Retrying in 8.3s...
WARNING 2026-07-26 09:12:33,152 gmail_service 131683 127420396955328 Gmail API error 429. Retrying in 16.4s...
ERROR 2026-07-26 09:12:49,924 gmail_service 131683 127420396955328 Failed to fetch Gmail message list: <HttpError 429 when requesting https://gmail.googleapis.com/gmail/v1/users/me/messages?maxResults=500&alt=json returned "User-rate limit exceeded.  Retry after 2026-07-26T09:27:49.772Z". Details: "[{'message': 'User-rate limit exceeded.  Retry after 2026-07-26T09:27:49.772Z', 'domain': 'global', 'reason': 'rateLimitExceeded'}]">
INFO 2026-07-26 09:12:49,957 predictor 131683 127420396955328 Local ML Engine artifacts loaded from /home/lonewolf/Email_Phisher/Email_Phisher/SecureMail/ml/models
INFO 2026-07-26 09:12:49,966 email_pipeline 131683 127420396955328 EmailPipeline initialized successfully.
INFO 2026-07-26 09:13:03,053 apps 132627 123800555897344 Using Gemini API Key for Analysis
INFO 2026-07-26 09:13:03,053 apps 132627 123800555897344 Using Google OAuth Credentials for Gmail Access
INFO 2026-07-26 09:13:15,112 predictor 131683 127422252271296 Local ML Engine artifacts loaded from /home/lonewolf/Email_Phisher/Email_Phisher/SecureMail/ml/models
INFO 2026-07-26 09:13:15,125 email_pipeline 131683 127422252271296 EmailPipeline initialized successfully.
INFO 2026-07-26 09:13:15,125 sync_manager 131683 127422252271296 SyncManager initialized with EmailPipeline for singhisking210222
INFO 2026-07-26 09:13:15,130 log 131683 127422252271296 "GET /sync/ HTTP/1.1" 302 0
INFO 2026-07-26 09:13:15,168 log 131683 127422252271296 "GET /inbox/ HTTP/1.1" 200 258217
INFO 2026-07-26 09:13:15,216 log 131683 127422252271296 "GET /inbox/ HTTP/1.1" 200 257758
INFO 2026-07-26 09:13:15,226 log 131683 127422252271296 "GET /static/SecureMail/css/global.css HTTP/1.1" 304 0
WARNING 2026-07-26 09:13:16,366 gmail_service 131683 127420237592256 Gmail API error 429. Retrying in 1.0s...
INFO 2026-07-26 09:13:17,089 log 131683 127422252271296 "GET /sync/?auto=1 HTTP/1.1" 200 29
WARNING 2026-07-26 09:13:17,799 gmail_service 131683 127420237592256 Gmail API error 429. Retrying in 2.1s...
WARNING 2026-07-26 09:13:20,261 gmail_service 131683 127420237592256 Gmail API error 429. Retrying in 4.2s...
INFO 2026-07-26 09:13:22,211 apps 132938 125627422151168 Using Gemini API Key for Analysis
INFO 2026-07-26 09:13:22,211 apps 132938 125627422151168 Using Google OAuth Credentials for Gmail Access
WARNING 2026-07-26 09:13:24,865 gmail_service 131683 127420237592256 Gmail API error 429. Retrying in 8.3s...
WARNING 2026-07-26 09:13:33,569 gmail_service 131683 127420237592256 Gmail API error 429. Retrying in 16.4s...
INFO 2026-07-26 09:13:40,677 apps 133098 140497652797952 Using Gemini API Key for Analysis
INFO 2026-07-26 09:13:40,677 apps 133098 140497652797952 Using Google OAuth Credentials for Gmail Access
ERROR 2026-07-26 09:13:50,465 gmail_service 131683 127420237592256 Failed to fetch Gmail message list: <HttpError 429 when requesting https://gmail.googleapis.com/gmail/v1/users/me/messages?maxResults=500&alt=json returned "User-rate limit exceeded.  Retry after 2026-07-26T09:28:50.161Z". Details: "[{'message': 'User-rate limit exceeded.  Retry after 2026-07-26T09:28:50.161Z', 'domain': 'global', 'reason': 'rateLimitExceeded'}]">
INFO 2026-07-26 09:13:50,517 predictor 131683 127420237592256 Local ML Engine artifacts loaded from /home/lonewolf/Email_Phisher/Email_Phisher/SecureMail/ml/models
INFO 2026-07-26 09:13:50,526 email_pipeline 131683 127420237592256 EmailPipeline initialized successfully.
INFO 2026-07-26 09:14:16,141 predictor 131683 127420237592256 Local ML Engine artifacts loaded from /home/lonewolf/Email_Phisher/Email_Phisher/SecureMail/ml/models
INFO 2026-07-26 09:14:16,153 email_pipeline 131683 127420237592256 EmailPipeline initialized successfully.
INFO 2026-07-26 09:14:16,153 sync_manager 131683 127420237592256 SyncManager initialized with EmailPipeline for singhisking210222
INFO 2026-07-26 09:14:16,161 log 131683 127420237592256 "GET /sync/ HTTP/1.1" 302 0
INFO 2026-07-26 09:14:16,198 log 131683 127420237592256 "GET /inbox/ HTTP/1.1" 200 258217
INFO 2026-07-26 09:14:16,242 log 131683 127420237592256 "GET /inbox/ HTTP/1.1" 200 257758
WARNING 2026-07-26 09:14:17,358 gmail_service 131683 127420405348032 Gmail API error 429. Retrying in 1.0s...
INFO 2026-07-26 09:14:18,088 log 131683 127420237592256 "GET /sync/?auto=1 HTTP/1.1" 200 29
WARNING 2026-07-26 09:14:18,727 gmail_service 131683 127420405348032 Gmail API error 429. Retrying in 2.1s...
WARNING 2026-07-26 09:14:21,288 gmail_service 131683 127420405348032 Gmail API error 429. Retrying in 4.2s...
WARNING 2026-07-26 09:14:25,895 gmail_service 131683 127420405348032 Gmail API error 429. Retrying in 8.3s...
WARNING 2026-07-26 09:14:34,804 gmail_service 131683 127420405348032 Gmail API error 429. Retrying in 16.4s...
ERROR 2026-07-26 09:14:51,700 gmail_service 131683 127420405348032 Failed to fetch Gmail message list: <HttpError 429 when requesting https://gmail.googleapis.com/gmail/v1/users/me/messages?maxResults=500&alt=json returned "User-rate limit exceeded.  Retry after 2026-07-26T09:29:51.392Z". Details: "[{'message': 'User-rate limit exceeded.  Retry after 2026-07-26T09:29:51.392Z', 'domain': 'global', 'reason': 'rateLimitExceeded'}]">
INFO 2026-07-26 09:14:51,767 predictor 131683 127420405348032 Local ML Engine artifacts loaded from /home/lonewolf/Email_Phisher/Email_Phisher/SecureMail/ml/models
INFO 2026-07-26 09:14:51,777 email_pipeline 131683 127420405348032 EmailPipeline initialized successfully.
INFO 2026-07-26 09:14:52,556 log 131683 127420237592256 "GET /inbox/ HTTP/1.1" 200 257758
INFO 2026-07-26 09:14:52,581 log 131683 127420237592256 "GET /static/SecureMail/css/global.css HTTP/1.1" 200 11366
INFO 2026-07-26 09:14:52,582 log 131683 127420128552640 "GET /static/SecureMail/js/app.js HTTP/1.1" 200 2695
INFO 2026-07-26 09:14:52,582 log 131683 127420405348032 "GET /static/SecureMail/css/responsive.css HTTP/1.1" 200 454
INFO 2026-07-26 09:14:54,067 log 131683 127420237592256 "GET /static/SecureMail/assets/icons/favicon.ico HTTP/1.1" 200 4286
INFO 2026-07-26 09:14:55,094 predictor 131683 127420237592256 Local ML Engine artifacts loaded from /home/lonewolf/Email_Phisher/Email_Phisher/SecureMail/ml/models
INFO 2026-07-26 09:14:55,105 email_pipeline 131683 127420237592256 EmailPipeline initialized successfully.
INFO 2026-07-26 09:14:55,105 sync_manager 131683 127420237592256 SyncManager initialized with EmailPipeline for singhisking210222
INFO 2026-07-26 09:14:55,112 log 131683 127420237592256 "GET /sync/?auto=1 HTTP/1.1" 200 21
INFO 2026-07-26 09:14:55,165 predictor 131683 127420237592256 Local ML Engine artifacts loaded from /home/lonewolf/Email_Phisher/Email_Phisher/SecureMail/ml/models
INFO 2026-07-26 09:14:55,178 email_pipeline 131683 127420237592256 EmailPipeline initialized successfully.
INFO 2026-07-26 09:14:55,198 log 131683 127420237592256 "GET /email/13982/ HTTP/1.1" 200 64011
WARNING 2026-07-26 09:14:56,206 gmail_service 131683 127420396955328 Gmail API error 429. Retrying in 1.0s...
INFO 2026-07-26 09:14:56,401 log 131683 127420237592256 "GET /sync/?auto=1 HTTP/1.1" 200 29
WARNING 2026-07-26 09:14:57,754 gmail_service 131683 127420396955328 Gmail API error 429. Retrying in 2.1s...
INFO 2026-07-26 09:14:58,770 predictor 131683 127420237592256 Local ML Engine artifacts loaded from /home/lonewolf/Email_Phisher/Email_Phisher/SecureMail/ml/models
INFO 2026-07-26 09:14:58,778 email_pipeline 131683 127420237592256 EmailPipeline initialized successfully.
INFO 2026-07-26 09:14:58,793 log 131683 127420237592256 "GET /email/13982/ HTTP/1.1" 200 64011
INFO 2026-07-26 09:14:59,933 log 131683 127420237592256 "GET /sync/?auto=1 HTTP/1.1" 200 29
WARNING 2026-07-26 09:15:00,506 gmail_service 131683 127420396955328 Gmail API error 429. Retrying in 4.2s...
WARNING 2026-07-26 09:15:05,221 gmail_service 131683 127420396955328 Gmail API error 429. Retrying in 8.3s...
WARNING 2026-07-26 09:15:13,921 gmail_service 131683 127420396955328 Gmail API error 429. Retrying in 16.4s...
ERROR 2026-07-26 09:15:30,715 gmail_service 131683 127420396955328 Failed to fetch Gmail message list: <HttpError 429 when requesting https://gmail.googleapis.com/gmail/v1/users/me/messages?maxResults=500&alt=json returned "User-rate limit exceeded.  Retry after 2026-07-26T09:30:30.530Z". Details: "[{'message': 'User-rate limit exceeded.  Retry after 2026-07-26T09:30:30.530Z', 'domain': 'global', 'reason': 'rateLimitExceeded'}]">
INFO 2026-07-26 09:15:30,764 predictor 131683 127420396955328 Local ML Engine artifacts loaded from /home/lonewolf/Email_Phisher/Email_Phisher/SecureMail/ml/models
INFO 2026-07-26 09:15:30,773 email_pipeline 131683 127420396955328 EmailPipeline initialized successfully.
INFO 2026-07-26 09:18:01,320 apps 134636 129191571862016 Using Gemini API Key for Analysis
INFO 2026-07-26 09:18:01,320 apps 134636 129191571862016 Using Google OAuth Credentials for Gmail Access
INFO 2026-07-26 09:18:14,406 apps 134716 135768165843456 Using Gemini API Key for Analysis
INFO 2026-07-26 09:18:14,406 apps 134716 135768165843456 Using Google OAuth Credentials for Gmail Access
INFO 2026-07-26 09:18:38,998 apps 134872 137863270482432 Using Gemini API Key for Analysis
INFO 2026-07-26 09:18:38,998 apps 134872 137863270482432 Using Google OAuth Credentials for Gmail Access
INFO 2026-07-26 09:20:00,913 apps 135358 123143993987584 Using Gemini API Key for Analysis
INFO 2026-07-26 09:20:00,913 apps 135358 123143993987584 Using Google OAuth Credentials for Gmail Access
INFO 2026-07-26 11:26:50,519 apps 177806 137188392026624 Using Gemini API Key for Analysis
INFO 2026-07-26 11:26:50,519 apps 177806 137188392026624 Using Google OAuth Credentials for Gmail Access
INFO 2026-07-26 11:27:03,966 apps 177914 135010989646336 Using Gemini API Key for Analysis
INFO 2026-07-26 11:27:03,966 apps 177914 135010989646336 Using Google OAuth Credentials for Gmail Access
INFO 2026-07-26 11:33:40,780 apps 180705 131996182864384 Using Gemini API Key for Analysis
INFO 2026-07-26 11:33:40,780 apps 180705 131996182864384 Using Google OAuth Credentials for Gmail Access
INFO 2026-07-26 11:34:07,869 predictor 131683 127420237592256 Local ML Engine artifacts loaded from /home/lonewolf/Email_Phisher/Email_Phisher/SecureMail/ml/models
INFO 2026-07-26 11:34:07,883 email_pipeline 131683 127420237592256 EmailPipeline initialized successfully.
INFO 2026-07-26 11:34:07,902 log 131683 127420237592256 "GET /email/13982/ HTTP/1.1" 200 64011
INFO 2026-07-26 11:34:07,922 log 131683 127420237592256 "GET /static/SecureMail/css/global.css HTTP/1.1" 304 0
INFO 2026-07-26 11:34:09,196 predictor 131683 127420237592256 Local ML Engine artifacts loaded from /home/lonewolf/Email_Phisher/Email_Phisher/SecureMail/ml/models
INFO 2026-07-26 11:34:09,208 email_pipeline 131683 127420237592256 EmailPipeline initialized successfully.
INFO 2026-07-26 11:34:09,209 sync_manager 131683 127420237592256 SyncManager initialized with EmailPipeline for singhisking210222
INFO 2026-07-26 11:34:09,215 log 131683 127420237592256 "GET /sync/?auto=1 HTTP/1.1" 200 21
INFO 2026-07-26 11:34:09,326 predictor 131683 127420237592256 Local ML Engine artifacts loaded from /home/lonewolf/Email_Phisher/Email_Phisher/SecureMail/ml/models
INFO 2026-07-26 11:34:09,338 email_pipeline 131683 127420237592256 EmailPipeline initialized successfully.
INFO 2026-07-26 11:34:09,352 log 131683 127420237592256 "GET /email/13982/ HTTP/1.1" 200 64011
INFO 2026-07-26 11:34:10,145 predictor 131683 127420237592256 Local ML Engine artifacts loaded from /home/lonewolf/Email_Phisher/Email_Phisher/SecureMail/ml/models
INFO 2026-07-26 11:34:10,160 email_pipeline 131683 127420237592256 EmailPipeline initialized successfully.
INFO 2026-07-26 11:34:10,175 log 131683 127420237592256 "GET /email/13982/ HTTP/1.1" 200 64011
WARNING 2026-07-26 11:34:10,539 gmail_service 131683 127420405348032 Gmail API error 429. Retrying in 1.0s...
INFO 2026-07-26 11:34:11,319 log 131683 127420237592256 "GET /sync/?auto=1 HTTP/1.1" 200 29
WARNING 2026-07-26 11:34:12,075 gmail_service 131683 127420405348032 Gmail API error 429. Retrying in 2.1s...
WARNING 2026-07-26 11:34:14,553 gmail_service 131683 127420405348032 Gmail API error 429. Retrying in 4.2s...
WARNING 2026-07-26 11:34:19,448 gmail_service 131683 127420405348032 Gmail API error 429. Retrying in 8.3s...
WARNING 2026-07-26 11:34:28,152 gmail_service 131683 127420405348032 Gmail API error 429. Retrying in 16.4s...
ERROR 2026-07-26 11:34:44,946 gmail_service 131683 127420405348032 Failed to fetch Gmail message list: <HttpError 429 when requesting https://gmail.googleapis.com/gmail/v1/users/me/messages?maxResults=500&alt=json returned "User-rate limit exceeded.  Retry after 2026-07-26T11:49:44.750Z". Details: "[{'message': 'User-rate limit exceeded.  Retry after 2026-07-26T11:49:44.750Z', 'domain': 'global', 'reason': 'rateLimitExceeded'}]">
INFO 2026-07-26 11:34:44,995 predictor 131683 127420405348032 Local ML Engine artifacts loaded from /home/lonewolf/Email_Phisher/Email_Phisher/SecureMail/ml/models
INFO 2026-07-26 11:34:45,003 email_pipeline 131683 127420405348032 EmailPipeline initialized successfully.
INFO 2026-07-26 11:34:49,201 apps 181143 133483945185792 Using Gemini API Key for Analysis
INFO 2026-07-26 11:34:49,201 apps 181143 133483945185792 Using Google OAuth Credentials for Gmail Access
INFO 2026-07-26 11:35:33,301 apps 181410 138562033689088 Using Gemini API Key for Analysis
INFO 2026-07-26 11:35:33,301 apps 181410 138562033689088 Using Google OAuth Credentials for Gmail Access
INFO 2026-07-26 11:35:56,709 apps 181566 138229260116480 Using Gemini API Key for Analysis
INFO 2026-07-26 11:35:56,709 apps 181566 138229260116480 Using Google OAuth Credentials for Gmail Access
INFO 2026-07-26 12:05:38,221 apps 191746 131077771371008 Using Gemini API Key for Analysis
INFO 2026-07-26 12:05:38,221 apps 191746 131077771371008 Using Google OAuth Credentials for Gmail Access
INFO 2026-07-26 12:05:38,575 apps 191775 128707806917120 Using Gemini API Key for Analysis
INFO 2026-07-26 12:05:38,575 apps 191775 128707806917120 Using Google OAuth Credentials for Gmail Access
INFO 2026-07-26 12:05:38,579 autoreload 191775 128707806917120 Watching for file changes with StatReloader
INFO 2026-07-26 12:05:43,736 log 191775 128706915157696 "GET /logout/ HTTP/1.1" 302 0
INFO 2026-07-26 12:05:43,743 log 191775 128706915157696 "GET / HTTP/1.1" 200 20741
INFO 2026-07-26 12:05:43,817 log 191775 128706915157696 "GET /static/SecureMail/css/global.css HTTP/1.1" 304 0
INFO 2026-07-26 12:05:50,882 log 191775 128706915157696 "GET /login/ HTTP/1.1" 200 8764
INFO 2026-07-26 12:15:12,958 apps 195285 138891868590592 Using Gemini API Key for Analysis
INFO 2026-07-26 12:15:12,958 apps 195285 138891868590592 Using Google OAuth Credentials for Gmail Access
INFO 2026-07-26 12:15:13,306 apps 195304 129418341425664 Using Gemini API Key for Analysis
INFO 2026-07-26 12:15:13,306 apps 195304 129418341425664 Using Google OAuth Credentials for Gmail Access
INFO 2026-07-26 12:15:13,309 autoreload 195304 129418341425664 Watching for file changes with StatReloader
INFO 2026-07-26 12:15:20,110 log 195304 129417450178240 "GET / HTTP/1.1" 200 22701
INFO 2026-07-26 12:15:29,269 log 195304 129417450178240 "GET /contact/ HTTP/1.1" 200 12284
INFO 2026-07-26 12:15:30,038 log 195304 129417450178240 "GET /favicon.ico HTTP/1.1" 301 0
INFO 2026-07-26 12:15:45,363 log 195304 129417450178240 "GET /about/ HTTP/1.1" 200 12579
INFO 2026-07-26 12:15:55,473 log 195304 129417450178240 "GET /about/ HTTP/1.1" 200 12579
INFO 2026-07-26 12:15:57,565 log 195304 129417450178240 "GET / HTTP/1.1" 200 22701
INFO 2026-07-26 12:18:24,513 log 195304 129417450178240 "GET / HTTP/1.1" 200 22318
INFO 2026-07-26 12:18:24,537 log 195304 129417229629120 "GET /static/SecureMail/js/app.js HTTP/1.1" 200 2695
INFO 2026-07-26 12:18:24,537 log 195304 129417450178240 "GET /static/SecureMail/css/global.css HTTP/1.1" 200 11366
INFO 2026-07-26 12:18:24,537 log 195304 129417439688384 "GET /static/SecureMail/css/responsive.css HTTP/1.1" 200 454
INFO 2026-07-26 12:18:27,400 log 195304 129417450178240 "GET /static/SecureMail/assets/icons/favicon.ico HTTP/1.1" 200 4286
INFO 2026-07-26 12:18:32,388 log 195304 129417450178240 "GET /about/ HTTP/1.1" 200 12196
INFO 2026-07-26 12:18:35,862 log 195304 129417450178240 "GET /contact/ HTTP/1.1" 200 11901
INFO 2026-07-26 12:18:38,263 log 195304 129417450178240 "GET /privacy/ HTTP/1.1" 200 9968
INFO 2026-07-26 12:18:42,133 log 195304 129417450178240 "GET /terms/ HTTP/1.1" 200 9451
INFO 2026-07-26 12:18:47,388 log 195304 129417450178240 "GET /cookie/ HTTP/1.1" 200 8611
INFO 2026-07-26 12:18:55,467 log 195304 129417450178240 "GET /security/ HTTP/1.1" 200 11109
INFO 2026-07-26 12:19:04,036 log 195304 129417450178240 "GET /disclosure/ HTTP/1.1" 200 9413
INFO 2026-07-26 12:19:27,295 log 195304 129417450178240 "GET /support/ HTTP/1.1" 200 9474
INFO 2026-07-26 12:19:39,489 log 195304 129417450178240 "GET / HTTP/1.1" 200 22318
INFO 2026-07-26 12:19:43,537 log 195304 129417450178240 "GET /dashboard/ HTTP/1.1" 302 0
INFO 2026-07-26 12:19:43,540 log 195304 129417450178240 "GET /login/?next=/dashboard/ HTTP/1.1" 200 8764
INFO 2026-07-26 13:13:44,192 log 195304 129417229629120 "GET /privacy/ HTTP/1.1" 200 9968
INFO 2026-07-26 13:16:14,941 autoreload 195304 129418341425664 /home/lonewolf/Email_Phisher/Email_Phisher/SecureMail/views.py changed, reloading.
INFO 2026-07-26 13:16:15,486 apps 216001 140695593603584 Using Gemini API Key for Analysis
INFO 2026-07-26 13:16:15,486 apps 216001 140695593603584 Using Google OAuth Credentials for Gmail Access
INFO 2026-07-26 13:16:15,490 autoreload 216001 140695593603584 Watching for file changes with StatReloader
INFO 2026-07-26 13:16:21,704 autoreload 216001 140695593603584 /home/lonewolf/Email_Phisher/Email_Phisher/SecureMail/urls.py changed, reloading.
INFO 2026-07-26 13:16:22,203 apps 216063 127858849833472 Using Gemini API Key for Analysis
INFO 2026-07-26 13:16:22,203 apps 216063 127858849833472 Using Google OAuth Credentials for Gmail Access
INFO 2026-07-26 13:16:22,207 autoreload 216063 127858849833472 Watching for file changes with StatReloader
INFO 2026-07-26 13:18:09,862 log 216063 127857888065216 "GET /privacy/ HTTP/1.1" 200 12804
INFO 2026-07-26 13:18:23,982 log 216063 127857888065216 "GET /terms/ HTTP/1.1" 200 10747
INFO 2026-07-26 13:18:40,414 log 216063 127857888065216 "GET / HTTP/1.1" 200 22187
INFO 2026-07-26 13:18:40,442 log 216063 127857888065216 "GET /static/SecureMail/css/global.css HTTP/1.1" 304 0
INFO 2026-07-26 13:20:23,971 log 216063 127857888065216 "GET /dashboard/ HTTP/1.1" 302 0
INFO 2026-07-26 13:20:23,975 log 216063 127857888065216 "GET /login/?next=/dashboard/ HTTP/1.1" 200 8764
INFO 2026-07-26 14:16:56,092 autoreload 216063 127858849833472 /home/lonewolf/Email_Phisher/Email_Phisher/SecureMail/views.py changed, reloading.
INFO 2026-07-26 14:16:56,651 apps 240786 140087037182464 Using Gemini API Key for Analysis
INFO 2026-07-26 14:16:56,651 apps 240786 140087037182464 Using Google OAuth Credentials for Gmail Access
INFO 2026-07-26 14:16:56,655 autoreload 240786 140087037182464 Watching for file changes with StatReloader
INFO 2026-07-26 14:24:22,430 log 240786 140086145795776 "GET / HTTP/1.1" 200 22187
INFO 2026-07-26 14:24:22,442 log 240786 140086145795776 "GET /static/SecureMail/css/global.css HTTP/1.1" 304 0
INFO 2026-07-26 14:24:24,388 log 240786 140086145795776 "GET /dashboard/ HTTP/1.1" 302 0
INFO 2026-07-26 14:24:24,392 log 240786 140086145795776 "GET /login/?next=/dashboard/ HTTP/1.1" 200 5353
